Order ID,Order Date,Ship Date,Ship Mode,Customer Name,Segment,Region,City,Category,Sub-Category,Product Name,Quantity,Unit Price,Discount,Sales,Profit
ORD-10216,21/01/2024,28/01/2024,Second Class,IMRAN KHAN,Home Office,East,Sialkot,Technology,Machines,Label Maker,3,641.93,0,1925.79,-246.6
ORD-11062,30/07/2023,02/08/2023,Second Class,Fatima Raza,Corporate,South,Hyderabad,Furniture,Furnishings,Desk Lamp,6,367.57,0,2205.42,457.55
ORD-11190,07/02/2024,13/02/2024,Second Class,Zara Iqbal,Consumer,East,Gujranwala,Technology,Copiers,Desktop Copier,10,139.55,0,1395.5,155.48
ORD-10669,04/03/2024,06/03/2024,Second Class,Hina Sheikh,Corporate,East,Sialkot,Furniture,Chairs,Executive Leather Chair,5,427.49,0.15,2137.45,-212.93
ORD-10840,17/09/2023,22/09/2023,Standard Class,,Home Office,Nort,Islamabad,Furniture,Bookcases,Corner Bookcase,1,896.19,0.2,896.19,-21.04
ORD-11011,20/03/2024,26/03/2024,Standard Class,Omar Raza,Home Office,east,Sialkot,Office Supplies,Labels,Address Labels,10,682.06,0,6820.6,1989.09
ORD-10492,06/11/2023,11/11/2023,Standard Class,Zara Qureshi,Home Office,east,Gujranwala,Furniture,Furnishings,Wall Clock,9,410.64,0.3,3695.76,457.47
ORD-10172,15/12/2023,20/12/2023,Same Day,Imran Sheikh,Consumer,Centeral,Faisalabad,Furniture,Bookcases,Wall-Mount Bookcase,6,499.97,0.1,2999.82,197.76
ORD-10063,10/05/2024,13/05/2024,First Class,Usman Qureshi,Home Office,EAST,Gujranwala,Office Supplies,Storage,Storage Box,7,214.04,0.3,1498.28,82.99
ORD-10681,17/02/2024,18/02/2024,Standard Class,Nida Khan,Consumer,central,Multan,Technology,Phones,Office Desk Phone,2,744.77,0.3,1489.54,395.11
ORD-10051,02/09/2024,09/09/2024,Standard Class,Mahnoor Iqbal,Consumer,central,Faisalabad,Office Supplies,Art,Pen Set,5,513.92,0,2569.6,397.81
ORD-10650,15/07/2024,19/07/2024,Second Class,Zara Butt,Corporate,NORTH,Rawalpindi,Furniture,Bookcases,Wall-Mount Bookcase,4,249.91,0,999.64,38.56
ORD-11127,27/04/2024,04/05/2024,Standard Class,Ahmed Malik,Consumer,SOUTH,Hyderabad,Furniture,Furnishings,Floor Mat,2,510.82,0,1021.64,-35.09
ORD-10677,27/03/2023,02/04/2023,First Class,Hina Khan,Consumer,CENTRAL,Multan,Office Supplies,Labels,Shipping Labels,11,735.25,0.3,8087.75,224.37
ORD-10170,17/02/2023,18/02/2023,Standard Class,Fatima Qureshi,Corporate,EAST,Sialkot,Furniture,Bookcases,5-Shelf Bookcase,3,678.27,0.2,2034.81,529.97
ORD-10374,31/01/2023,07/02/2023,First Class,Zara Butt,Home Office,east,Gujranwala,Office Supplies,Art,Highlighter Pack,4,100.56,0,402.24,-55.07
ORD-10395,21/06/2024,24/06/2024,First Class,Sana Ansari,Corporate,South,Hyderabad,Furniture,Tables,Round Conference Table,1,720.13,0.15,720.13,-52.54
ORD-11057,10/02/2023,16/02/2023,First Class,Zara Chaudhry,Home Office,Central,Multan,Furniture,Bookcases,Corner Bookcase,7,220.41,0,1542.87,245.56
ORD-10272,20/10/2024,22/10/2024,Same Day,Hina Sheikh,Corporate,Centeral,Faisalabad,Furniture,Chairs,Stacking Chair,6,873.28,0,5239.68,542.12
ORD-10790,29/11/2024,02/12/2024,Standard Class,Nida Khan,Consumer,north,Rawalpindi,Office Supplies,Storage,Storage Bin,10,250.47,0,2504.7,449.88
ORD-11101,24/10/2024,26/10/2024,Second Class,Omar Chaudhry,Corporate,West,Quetta,Furniture,Bookcases,5-Shelf Bookcase,7,149.87,0.1,1049.09,-50.31
ORD-10651,18/04/2023,25/04/2023,First Class,Imran Malik,Home Office,north,Rawalpindi,Technology,Accessories,Keyboard,9,317.27,0.15,2855.43,807.23
ORD-10420,21/03/2024,22/03/2024,,Ali Malik,Corporate,east,Gujranwala,Technology,Accessories,Keyboard,9,575.49,0.3,5179.41,341.29
ORD-10252,24/11/2024,29/11/2024,First Class,Adeel Qureshi,Corporate,Centeral,Multan,Furniture,Bookcases,Corner Bookcase,5,272.14,0,1360.7,123.65
ORD-10385,09/07/2023,11/07/2023,First Class,Hina Malik,Home Office,NORTH,Lahore,Furniture,Chairs,Folding Chair,1,102.45,0,102.45,-7.1
ORD-10204,11/10/2023,17/10/2023,Same Day,Ahmed Chaudhry,Corporate,north,Rawalpindi,Technology,Accessories,Keyboard,4,468.39,0.15,1873.56,-104.31
ORD-10325,27/09/2024,30/09/2024,Standard Class,Usman Qureshi,Home Office,WEST,Peshawar,Furniture,Bookcases,Wall-Mount Bookcase,3,53.46,0.3,160.38,9.88
ORD-11015,24/11/2023,27/11/2023,Second Class,Ahmed Iqbal,Consumer, West,Quetta,Technology,Accessories,Wireless Mouse,9,65.83,0,592.47,85.81
ORD-11129,15/10/2023,21/10/2023,Second Class,Adeel Malik,Consumer,Centeral,Multan,Furniture,Bookcases,5-Shelf Bookcase,-2,725.85,0.3,1451.7,216.54
ORD-10714,13/08/2024,14/08/2024,First Class,Ayesha Farooq,Home Office,east,Sialkot,Office Supplies,Storage,Storage Bin,11,899.15,0.1,9890.65,545.9
ORD-10881,03/02/2023,09/02/2023,Standard Class,Tariq Malik,Corporate, West,Peshawar,Furniture,Furnishings,Wall Clock,12,700.05,0.2,8400.6,2894.88
ORD-10611,23/10/2023,30/10/2023,Second Class,Fatima Ansari,Home Office,north,Rawalpindi,Office Supplies,Storage,Storage Box,1,816.44,0.2,816.44,281.01
ORD-10034,31/05/2024,04/06/2024,Second Class,Zara Sheikh,Corporate,Centeral,Multan,Technology,Copiers,Multifunction Copier,11,253.19,0.3,2785.09,308.17
ORD-10757,18/10/2023,25/10/2023,Same Day,Fatima Iqbal,Corporate,central,Multan,Technology,Accessories,USB Cable,10,826.84,0,8268.4,-335.46
ORD-10922,30/01/2024,05/02/2024,First Class,Usman Butt,Consumer,north,Lahore,Furniture,Tables,Round Conference Table,7,293.67,0.15,2055.69,185.81
ORD-10883,26/09/2023,03/10/2023,First Class,Hina Butt,Home Office,Central,Multan,Office Supplies,Art,Highlighter Pack,4,717.02,0,2868.08,-50.9
ORD-10713,11/10/2024,15/10/2024,Second Class,Tariq Butt,Home Office,Central,Multan,Furniture,Tables,Corner Table,10,342.91,0,3429.1,-154.72
ORD-10308,10/08/2023,14/08/2023,First Class,Adeel Butt,Consumer,Centeral,Faisalabad,Furniture,Tables,Corner Table,10,739.31,0,7393.1,1194.77
ORD-10698,12/07/2023,17/07/2023,First Class,Mahnoor Khan,Consumer,South,Karachi,Office Supplies,Binders,Hanging Binder,10,887.91,0.1,8879.1,-1129.06
ORD-10351,17/10/2023,20/10/2023,Standard Class,Bilal Butt,Home Office,WEST,Quetta,Furniture,Chairs,Executive Leather Chair,1,185.86,0.1,185.86,-10.07
ORD-10833,25/12/2023,31/12/2023,Same Day,Zara Chaudhry,Corporate,central,Faisalabad,Technology,Phones,Smartphone X200,7,528.1,0,3696.7,124.35
ORD-10517,18/01/2024,23/01/2024,First Class,Imran Farooq,Consumer,NORTH,Lahore,Furniture,Chairs,Stacking Chair,11,859.91,0.15,9459.01,1693.19
ORD-10408,19/12/2023,20/12/2023,First Class,Kamran Ansari,Consumer,Central,Faisalabad,Furniture,Bookcases,5-Shelf Bookcase,1,5.75,0.15,5.75,1.5
ORD-10934,10/10/2023,13/10/2023,Same Day,Sara Khan,Consumer,CENTRAL,Faisalabad,Technology,Accessories,Wireless Mouse,2,643.22,0.1,1286.44,-36.83
ORD-10264,06/03/2024,12/03/2024,Standard Class,Ayesha Ansari,Corporate,Nort,Islamabad,Technology,Machines,Label Maker,12,557.84,0,6694.08,
ORD-11111,06/08/2023,11/08/2023,First Class,Tariq Malik,Home Office,north,Lahore,Office Supplies,Storage,Storage Bin,12,496.3,0.15,5955.6,1698.24
ORD-10796,19/01/2024,23/01/2024,First Class,Omar Butt,Home Office,EAST,Sialkot,Furniture,Bookcases,5-Shelf Bookcase,10,27.85,0.15,278.5,-12.33
ORD-10565,20/05/2024,23/05/2024,Second Class,Fatima Iqbal,Home Office,NORTH,Islamabad,Technology,Machines,Laser Printer,2,783.58,0.15,1567.16,156.97
ORD-10640,30/04/2024,02/05/2024,Second Class,Faisal Butt,Corporate,North,Rawalpindi,Technology,Accessories,Keyboard,11,651.68,0,7168.48,-953.43
ORD-11054,18/09/2023,23/09/2023,Same Day,Ahmed Malik,Home Office,NORTH,Lahore,Office Supplies,Labels,Shipping Labels,4,731.73,0,2926.92,918.77
ORD-10656,20/10/2023,25/10/2023,Same Day,Imran Ansari,Consumer,West,Peshawar,Technology,Machines,Label Maker,11,898.17,0.15,9879.87,1965.51
ORD-10671,27/10/2024,30/10/2024,Standard Class,Ali Qureshi,Consumer, South ,Karachi,Furniture,Tables,Round Conference Table,11,736.58,0,8102.38,1639.35
ORD-10189,09/11/2023,10/11/2023,Second Class,Adeel Butt,Home Office,SOUTH,Karachi,Technology,Copiers,Multifunction Copier,10,348.42,0,3484.2,325.2
ORD-10141,26/07/2023,02/08/2023,Standard Class,Usman Khan,Consumer,CENTRAL,Faisalabad,Furniture,Chairs,Mesh Task Chair,11,815.14,0,8966.54,1515.1
ORD-10418,01/09/2024,08/09/2024,First Class,Sana Butt,Consumer, South ,Hyderabad,Office Supplies,Paper,Notebook,4,522.09,0.3,2088.36,47.07
ORD-10522,23/06/2024,29/06/2024,Second Class,Imran Chaudhry,Home Office,Central,Faisalabad,Office Supplies,Art,Marker Set,3,885.85,0.2,2657.55,801.12
ORD-10263,21/04/2023,27/04/2023,,Nida Malik,Corporate,North,Rawalpindi,Furniture,Furnishings,Wall Clock,9,231.2,0.2,2080.8,-152.81
ORD-11087,03/01/2023,07/01/2023,Standard Class,Kamran Qureshi,Home Office,South,Karachi,Office Supplies,Storage,Storage Bin,2,41.18,0,82.36,1.24
ORD-10546,14/01/2024,20/01/2024,Same Day,Faisal Farooq,Consumer,Centeral,Faisalabad,Office Supplies,Labels,Shipping Labels,12,838.28,0.1,10059.36,2171.4
ORD-10819,11/09/2024,16/09/2024,Second Class,Tariq Malik,Consumer,North,Islamabad,Furniture,Bookcases,Wall-Mount Bookcase,11,49.05,0,539.55,16.75
ORD-10280,14/07/2024,21/07/2024,First Class,Kamran Butt,Home Office,EAST,Sialkot,Furniture,Tables,Coffee Table,12,586.83,0,7041.96,717.9
ORD-10595,12/03/2023,16/03/2023,Same Day,Imran Butt,Corporate,south,Karachi,Office Supplies,Art,Highlighter Pack,10,519.71,0,5197.1,747.06
ORD-10027,25/09/2023,27/09/2023,Second Class,Hina Iqbal,Corporate,CENTRAL,Multan,Furniture,Furnishings,Wall Clock,10,885.89,0,8858.9,377.37
ORD-11193,16/09/2024,21/09/2024,Same Day,  Tariq Ansari  ,Consumer,Central,Multan,Office Supplies,Storage,Filing Cabinet,8,866.37,0.3,6930.96,2124.06
ORD-10498,03/04/2023,05/04/2023,First Class,Usman Iqbal,Corporate,Central,Faisalabad,Office Supplies,Labels,Shipping Labels,4,134.13,0,N/A,-23.04
ORD-10727,09/01/2024,10/01/2024,First Class,Bilal Chaudhry,Corporate,South,Hyderabad,Furniture,Tables,Round Conference Table,5,436.01,0,2180.05,52.92
ORD-10489,21/01/2023,27/01/2023,Second Class,hina qureshi,Corporate,West,Peshawar,Office Supplies,Labels,Shipping Labels,2,728.45,0,1456.9,284.72
ORD-10412,30/12/2023,01/01/2024,Standard Class,Rabia Chaudhry,Home Office, South ,Karachi,Technology,Copiers,Desktop Copier,7,834.28,0.15,5839.96,195.55
ORD-11157,20/06/2024,21/06/2024,Second Class,Omar Qureshi,Corporate, South ,Hyderabad,Office Supplies,Art,Pen Set,2,864.53,0.1,1729.06,533.13
ORD-11172,04/01/2023,07/01/2023,,Ahmed Ansari,Corporate,West,Quetta,Technology,Copiers,Multifunction Copier,3,368.58,0.3,1105.74,32.47
ORD-11169,16/04/2023,19/04/2023,First Class,Fatima Malik,Consumer,Nort,Islamabad,Technology,Machines,Laser Printer,3,756.07,0.3,2268.21,589.02
ORD-10046,22/07/2024,29/07/2024,First Class,Omar Sheikh,Corporate, South ,Hyderabad,Office Supplies,Binders,3-Ring Binder,7,624.15,0,4369.05,795.08
ORD-10113,05/05/2024,11/05/2024,First Class,Omar Sheikh,Home Office,south,Karachi,Technology,Copiers,Desktop Copier,1,713.04,0,713.04,5.56
ORD-10467,08/06/2024,14/06/2024,First Class,Hina Farooq,Corporate,Central,Faisalabad,Furniture,Chairs,Mesh Task Chair,12,126.27,0,1515.24,-187.22
ORD-10547,28/05/2023,02/06/2023,Standard Class,Sana Farooq,Home Office, South ,Hyderabad,Furniture,Chairs,Mesh Task Chair,1,673.11,0.15,673.11,23.33
ORD-10771,12/06/2023,14/06/2023,Same Day,Usman Sheikh,Corporate,North,Islamabad,Technology,Copiers,Multifunction Copier,2,810.32,0,1620.64,346.95
ORD-11160,03/09/2023,07/09/2023,Same Day,Zara Khan,Home Office,east,Gujranwala,Office Supplies,Binders,3-Ring Binder,12,672.68,0.2,8072.16,-24.42
ORD-10101,25/03/2023,30/03/2023,Second Class,Adeel Malik,Home Office,SOUTH,Hyderabad,Technology,Copiers,Desktop Copier,5,505.24,0.2,2526.2,621.02
ORD-10379,07/10/2024,08/10/2024,Second Class,Sana Butt,Corporate,SOUTH,Hyderabad,Office Supplies,Storage,Filing Cabinet,7,268.51,0,1879.57,366.47
ORD-10663,11/02/2023,13/02/2023,Second Class,Imran Chaudhry,Corporate, West,Peshawar,Furniture,Tables,Rectangular Desk,2,381.88,0.15,763.76,74.68
ORD-10128,20/04/2024,22/04/2024,First Class,  Kamran Iqbal  ,Consumer,EAST,Sialkot,Office Supplies,Storage,Storage Bin,3,685.8,0.15,2057.4,269.16
ORD-10098,31/08/2024,05/09/2024,First Class,Hina Qureshi,Home Office, West,Quetta,Office Supplies,Labels,Address Labels,8,453.72,0,3629.76,273.18
ORD-10798,30/05/2024,04/06/2024,First Class,Imran Ansari,Consumer,Centeral,Multan,Technology,Phones,Cordless Phone,9,399.71,0,3597.39,-188.82
ORD-11056,05/07/2023,06/07/2023,Same Day,Tariq Ansari,Consumer,East,Sialkot,Furniture,Bookcases,5-Shelf Bookcase,5,119.04,0,595.2,186.22
ORD-10875,23/02/2024,26/02/2024,Same Day,Ayesha Raza,Corporate, South ,Hyderabad,Office Supplies,Storage,Storage Bin,9,484.39,10,4359.51,-163.27
ORD-10590,29/03/2023,01/04/2023,Standard Class,  Tariq Khan  ,Corporate, South ,Hyderabad,Furniture,Furnishings,Wall Clock,6,129.36,0.3,776.16,-66.62
ORD-10692,27/01/2023,02/02/2023,Second Class,Mahnoor Malik,Corporate,WEST,Quetta,Technology,Phones,Cordless Phone,8,754.51,0.3,6036.08,-428.04
ORD-11131,13/03/2024,19/03/2024,Second Class,Ayesha Qureshi,Consumer,east,Gujranwala,Technology,Machines,Laser Printer,1,602.23,0,602.23,-38.52
ORD-10110,11/06/2024,16/06/2024,First Class,Kamran Sheikh,Consumer,south,Hyderabad,Office Supplies,Binders,Hanging Binder,10,377.83,0.2,3778.3,695.61
ORD-10070,31/08/2023,04/09/2023,Standard Class,Nida Chaudhry,Home Office,CENTRAL,Faisalabad,Technology,Accessories,USB Cable,1,511.51,0.2,511.51,122.33
ORD-11041,23/05/2024,26/05/2024,Standard Class,Imran Khan,Consumer,West,Peshawar,Technology,Phones,Office Desk Phone,5,395.48,0.2,1977.4,120.87
ORD-10602,13/04/2023,15/04/2023,Second Class,Zara Butt,Corporate,East,Gujranwala,Furniture,Chairs,Executive Leather Chair,8,325.49,0,2603.92,539.55
ORD-11050,05/12/2024,10/12/2024,First Class,Imran Raza,Corporate,central,Faisalabad,Office Supplies,Binders,Hanging Binder,9,467.71,0.2,4209.39,-498.95
ORD-10278,05/01/2023,10/01/2023,First Class,Mahnoor Butt,Home Office,Nort,Islamabad,Technology,Copiers,Desktop Copier,12,734.64,0,8815.68,385.27
ORD-10523,13/03/2024,16/03/2024,First Class,Faisal Malik,Corporate,Central,Multan,Furniture,Chairs,Stacking Chair,8,596.47,0.15,4771.76,1223.54
ORD-10179,06/09/2023,09/09/2023,Same Day,Fatima Qureshi,Home Office,WEST,Peshawar,Office Supplies,Binders,Hanging Binder,9,166.03,0.3,1494.27,186.86
ORD-10060,12/06/2023,15/06/2023,First Class,Sana Malik,Home Office,Central,Faisalabad,Furniture,Tables,Round Conference Table,11,749.77,0.1,8247.47,
ORD-10471,07/01/2024,09/01/2024,First Class,Ayesha Sheikh,Consumer,WEST,Quetta,Technology,Accessories,USB Cable,3,771.85,0,2315.55,449.27
ORD-10430,04/02/2024,05/02/2024,Same Day,Bilal Khan,Consumer,east,Sialkot,Technology,Copiers,Desktop Copier,4,27.7,0.15,110.8,-3.41
ORD-11178,13/01/2024,15/01/2024,Second Class,Adeel Chaudhry,Home Office,east,Sialkot,Office Supplies,Art,Pen Set,7,150.27,0.2,1051.89,338.15
ORD-10284,27/09/2024,04/10/2024,Second Class,Fatima Chaudhry,Home Office,west,Peshawar,Technology,Machines,Shredder,8,163.8,0.2,1310.4,-147.77
ORD-10983,10/11/2024,12/11/2024,First Class,Nida Farooq,Corporate,West,Quetta,Furniture,Furnishings,Wall Clock,3,691.59,0.15,2074.77,
ORD-10731,09/09/2023,10/09/2023,First Class,Ahmed Raza,Consumer,SOUTH,Hyderabad,Furniture,Bookcases,5-Shelf Bookcase,-12,14.76,0,177.12,-7.64
ORD-11185,12/02/2024,16/02/2024,Standard Class,Rabia Butt,Corporate,Central,Multan,Office Supplies,Art,Highlighter Pack,3,72.28,0.3,216.84,-15.02
ORD-11026,27/10/2024,28/10/2024,Second Class,Kamran Malik,Corporate,Centeral,Faisalabad,Furniture,Chairs,Folding Chair,10,333.73,0.3,3337.3,287.8
ORD-10109,23/10/2023,25/10/2023,Standard Class,Adeel Farooq,Home Office,East,Sialkot,Furniture,Furnishings,Floor Mat,2,104.22,0.1,208.44,30.93
ORD-10783,01/11/2024,03/11/2024,First Class,Sara Malik,Consumer,East,Gujranwala,Office Supplies,Binders,Hanging Binder,5,844.84,0,4224.2,411.71
ORD-10597,04/04/2023,07/04/2023,Same Day,Faisal Sheikh,Home Office,WEST,Peshawar,Office Supplies,Labels,Address Labels,3,810.47,0.2,2431.41,160.57
ORD-10769,02/11/2024,04/11/2024,,OMAR IQBAL,Home Office,EAST,Gujranwala,Office Supplies,Paper,Sticky Notes,2,824.96,0.2,1649.92,151.58
ORD-11055,20/08/2024,27/08/2024,Standard Class,Faisal Farooq,Consumer,EAST,Gujranwala,Furniture,Bookcases,5-Shelf Bookcase,10,101.73,0.1,1017.3,44.19
ORD-10544,14/12/2023,16/12/2023,,Mahnoor Butt,Home Office,central,Faisalabad,Office Supplies,Storage,Storage Bin,12,343.01,0.2,4116.12,-107.77
ORD-10569,20/08/2023,26/08/2023,Standard Class,Omar Malik,Home Office,West,Quetta,Furniture,Tables,Coffee Table,-11,564.64,0,6211.04,558.89
ORD-10901,06/05/2024,12/05/2024,First Class,Usman Chaudhry,Corporate,Centeral,Multan,Technology,Copiers,Multifunction Copier,10,529.57,0,5295.7,-525.76
ORD-11189,31/05/2023,07/06/2023,Second Class,Sara Butt,Consumer,NORTH,Lahore,Office Supplies,Labels,Address Labels,3,205.4,0,616.2,8.59
ORD-10396,20/06/2024,23/06/2024,First Class,Ali Farooq,Consumer,East,Sialkot,Technology,Machines,Laser Printer,7,643.74,0.15,4506.18,-414.94
ORD-10009,02/07/2023,07/07/2023,First Class,Kamran Butt,Corporate,NORTH,Rawalpindi,Technology,Machines,Laser Printer,9,858.38,0.15,7725.42,2389.06
ORD-10568,06/01/2024,11/01/2024,Standard Class,Sana Raza,Home Office,north,Lahore,Office Supplies,Art,Highlighter Pack,1,355.71,0,355.71,-38.81
ORD-10053,03/02/2023,05/02/2023,Same Day,Usman Chaudhry,Consumer,EAST,Gujranwala,Technology,Copiers,Desktop Copier,11,532.86,0.3,5861.46,1857.11
ORD-10897,04/08/2023,09/08/2023,Same Day,Hassan Qureshi,Home Office,SOUTH,Karachi,Furniture,Furnishings,Desk Lamp,11,145.63,0.15,1601.93,545.58
ORD-10528,05/11/2023,12/11/2023,Same Day,Hassan Butt,Home Office,west,Peshawar,Office Supplies,Binders,3-Ring Binder,12,633.83,0.1,7605.96,652.17
ORD-10431,07/07/2024,13/07/2024,Same Day,Ali Raza,Home Office,east,,Furniture,Chairs,Folding Chair,12,43.32,0,519.84,-22.96
ORD-10305,23/05/2023,27/05/2023,Second Class,Bilal Butt,Corporate,south,Karachi,Technology,Accessories,USB Cable,3,329.19,0.2,987.57,255.26
ORD-10746,19/03/2024,20/03/2024,Second Class,Ali Qureshi,Home Office,north,Lahore,Furniture,Chairs,Executive Leather Chair,5,218.7,0.15,1093.5,-108.79
ORD-10040,27/10/2024,28/10/2024,Same Day,Usman Butt,Home Office,North,Lahore,Furniture,Chairs,Mesh Task Chair,8,604.17,0.15,4833.36,1565.42
ORD-10975,14/06/2023,17/06/2023,First Class,Faisal Ansari,Consumer, North,Islamabad,Furniture,Chairs,Stacking Chair,4,888.8,0,3555.2,960.14
ORD-10734,07/09/2024,10/09/2024,Same Day,  Ahmed Qureshi  ,Consumer,Centeral,Multan,Technology,Phones,Office Desk Phone,1,820.92,0,820.92,-69.34
ORD-10609,22/01/2023,27/01/2023,Second Class,Adeel Malik,Corporate,NORTH,Lahore,Technology,Copiers,Desktop Copier,1,128.11,0.1,128.11,-0.22
ORD-10454,22/12/2023,26/12/2023,First Class,Usman Ansari,Corporate,West,Peshawar,Furniture,Chairs,Executive Leather Chair,11,305.61,0.15,3361.71,71.93
ORD-10207,02/06/2024,05/06/2024,Second Class,Tariq Ansari,Consumer,Centeral,Faisalabad,Technology,Copiers,Desktop Copier,10,141.65,0,1416.5,7.02
ORD-10083,10/10/2024,15/10/2024,Second Class,Rabia Qureshi,Corporate,CENTRAL,Faisalabad,Technology,Accessories,Wireless Mouse,7,93.76,0.2,656.32,-60.9
ORD-10868,20/02/2023,23/02/2023,Second Class,Hassan Chaudhry,Home Office,,Multan,Office Supplies,Storage,Storage Bin,9,605.94,0.15,5453.46,269.05
ORD-10943,06/08/2024,07/08/2024,Second Class,Zara Khan,Consumer,East,Gujranwala,Furniture,Tables,Rectangular Desk,8,205.9,0.2,1647.2,562.73
ORD-10151,31/07/2024,01/08/2024,First Class,Zara Khan,Home Office,Centeral,Faisalabad,Technology,Phones,Office Desk Phone,12,200.02,0,2400.24,-305.68
ORD-10205,23/10/2024,24/10/2024,First Class,Adeel Malik,Consumer, South ,Hyderabad,Furniture,Tables,Corner Table,9,800.41,0,7203.69,2474.04
ORD-10407,07/11/2024,09/11/2024,Same Day,Fatima Raza,Home Office,WEST,Peshawar,Technology,Copiers,Desktop Copier,5,515.4,0.2,2577,5.86
,,,,,,,,,,,,,,,
ORD-10397,04/12/2024,11/12/2024,Second Class,  Rabia Chaudhry  ,Corporate,Central,Faisalabad,Office Supplies,Binders,3-Ring Binder,1,521.92,0,521.92,88.43
ORD-10557,03/10/2023,04/10/2023,Second Class,Faisal Sheikh,Home Office,east,Gujranwala,Furniture,Furnishings,Desk Lamp,1,245.9,0.15,245.9,46.12
ORD-10667,04/05/2023,06/05/2023,First Class,Ahmed Qureshi,Home Office,West,Peshawar,Furniture,Tables,Corner Table,4,86.39,0,345.56,
ORD-10935,28/08/2024,01/09/2024,Standard Class,Ali Qureshi,Home Office,East,Gujranwala,Technology,Copiers,Multifunction Copier,2,533.36,0.3,1066.72,182.77
ORD-10473,02/05/2023,05/05/2023,First Class,Ayesha Qureshi,Consumer,North,Islamabad,Technology,Phones,Smartphone X200,4,530.9,0,2123.6,-122.34
ORD-10146,17/09/2024,24/09/2024,Same Day,Ayesha Butt,Consumer, West,Peshawar,Furniture,Furnishings,Floor Mat,3,432.32,0,1296.96,-190.11
ORD-10372,04/09/2023,09/09/2023,Second Class,Tariq Butt,Consumer, South ,Hyderabad,Technology,Accessories,Wireless Mouse,4,588.96,0.15,2355.84,284.3
ORD-10125,21/07/2023,27/07/2023,Second Class,Tariq Malik,Consumer,CENTRAL,Multan,Technology,Accessories,Keyboard,9,578.68,0.15,5208.12,1670.78
ORD-10054,11/07/2024,13/07/2024,Same Day,Omar Qureshi,Home Office,SOUTH,Karachi,Furniture,Chairs,Mesh Task Chair,12,742.7,0,8912.4,620.1
ORD-10237,21/07/2024,27/07/2024,First Class,Ali Iqbal,Consumer,CENTRAL,Faisalabad,Office Supplies,Paper,Copy Paper A4,10,496.95,0.1,4969.5,-363.79
ORD-10797,04/06/2024,11/06/2024,Second Class,Bilal Iqbal,Home Office,CENTRAL,Multan,Office Supplies,Labels,Address Labels,11,75.21,0,827.31,272.44
ORD-10355,14/04/2024,20/04/2024,First Class,Hina Butt,Home Office,West,Quetta,Furniture,Furnishings,Floor Mat,9,898.6,0.1,8087.4,2561.76
ORD-10377,09/03/2023,11/03/2023,Same Day,Nida Khan,Home Office, West,Peshawar,Office Supplies,Paper,Sticky Notes,10,663.12,0.1,6631.2,1393.22
ORD-11025,15/02/2023,21/02/2023,Same Day,Zara Khan,Consumer,NORTH,Rawalpindi,Office Supplies,Art,Marker Set,11,248.41,0.3,2732.51,-152.93
ORD-10506,24/01/2023,29/01/2023,Standard Class,Hassan Khan,Corporate,central,Multan,Office Supplies,Paper,Sticky Notes,7,558.11,0.15,3906.77,-77.83
ORD-10097,27/02/2023,02/03/2023,Standard Class,Ali Raza,Home Office,Central,Faisalabad,Office Supplies,Art,Marker Set,5,73.67,0.3,368.35,124.75
ORD-10666,28/04/2023,05/05/2023,Second Class,imran malik,Consumer,EAST,Sialkot,Technology,Copiers,Desktop Copier,12,658.76,0.15,7905.12,-469.61
ORD-10848,30/10/2023,02/11/2023,Second Class,Kamran Raza,Consumer,,Quetta,Office Supplies,Storage,Storage Bin,11,473.12,0.3,5204.32,861.38
ORD-10587,29/10/2023,05/11/2023,First Class,Sara Raza,Corporate,Central,Faisalabad,Furniture,Chairs,Executive Leather Chair,1,493.69,0,493.69,-25.51
ORD-10504,15/02/2024,17/02/2024,Same Day,Rabia Butt,Corporate,east,Sialkot,Furniture,Tables,Rectangular Desk,10,618.75,0.3,6187.5,1978.2
ORD-10562,03/12/2023,04/12/2023,Standard Class,Faisal Ansari,Home Office,South,Hyderabad,Furniture,Chairs,Mesh Task Chair,12,634.45,0.3,7613.4,353.23
ORD-11105,08/10/2024,11/10/2024,Standard Class,Nida Sheikh,Home Office,NORTH,Islamabad,Office Supplies,Binders,Hanging Binder,3,175.18,0.2,525.54,48.2
ORD-10012,13/12/2023,14/12/2023,First Class,Usman Malik,Home Office,central,Multan,Furniture,Chairs,Executive Leather Chair,1,774.37,0,774.37,82.92
ORD-11108,18/07/2024,24/07/2024,First Class,Omar Ansari,Home Office,East,Sialkot,Technology,Accessories,USB Cable,7,267.64,0.3,1873.48,-181.19
ORD-10253,17/10/2024,20/10/2024,Standard Class,Ali Qureshi,Home Office,east,Gujranwala,Furniture,Tables,Rectangular Desk,7,596.17,0.2,4173.19,-334
ORD-11010,16/06/2023,21/06/2023,,Tariq Farooq,Home Office,,Karachi,Furniture,Chairs,Folding Chair,6,131.87,0.3,791.22,166.35
ORD-10531,30/04/2023,04/05/2023,Second Class,Hassan Chaudhry,Home Office,CENTRAL,Faisalabad,Technology,Copiers,Desktop Copier,12,177.02,0,2124.24,146.69
ORD-10503,25/09/2023,30/09/2023,Second Class,Ahmed Khan,Consumer,NORTH,Islamabad,Technology,Accessories,Wireless Mouse,11,579.23,0.2,6371.53,456.85
ORD-10013,12/05/2024,14/05/2024,Same Day,Fatima Malik,Home Office,central,Faisalabad,Furniture,Furnishings,Wall Clock,2,594.79,0,1189.58,73.5
ORD-10637,06/02/2024,09/02/2024,First Class,Imran Raza,Home Office,South,Hyderabad,Office Supplies,Art,Highlighter Pack,7,355,0.15,2485,530.24
ORD-10895,26/03/2024,27/03/2024,Standard Class,Imran Butt,Corporate, South ,Karachi,Office Supplies,Labels,Shipping Labels,3,63.68,0.1,191.04,35.63
ORD-10789,20/07/2024,24/07/2024,Standard Class,,Corporate,EAST,Gujranwala,Office Supplies,Labels,Shipping Labels,8,672.34,0,5378.72,-452.15
ORD-11031,03/11/2024,10/11/2024,Standard Class,Usman Farooq,Home Office,west,Peshawar,Technology,Copiers,Desktop Copier,3,751.74,0.3,2255.22,-125.92
ORD-10020,08/09/2023,11/09/2023,Standard Class,Rabia Khan,Consumer,East,Gujranwala,Technology,Accessories,Keyboard,11,736.31,0,8099.41,2558.43
ORD-10510,03/09/2024,06/09/2024,Standard Class,Usman Farooq,Consumer,North,Rawalpindi,Furniture,Chairs,Folding Chair,6,897.08,0.2,5382.48,1795.62
ORD-10705,11/01/2024,16/01/2024,Second Class,Sana Chaudhry,Home Office,CENTRAL,Faisalabad,Furniture,Furnishings,Floor Mat,11,43.19,0.2,475.09,-57.71
ORD-11140,31/01/2023,01/02/2023,Standard Class,Ahmed Malik,Consumer,North,Rawalpindi,Technology,Phones,Cordless Phone,6,152.61,0.2,915.66,232.56
ORD-10900,25/01/2023,28/01/2023,Second Class,Adeel Ansari,Corporate, West,Peshawar,Technology,Machines,Laser Printer,8,771.48,0,6171.84,-696.1
ORD-10967,03/07/2024,06/07/2024,Standard Class,Fatima Malik,Corporate,EAST,Gujranwala,Furniture,Chairs,Stacking Chair,9,762.58,0,6863.22,-593.27
ORD-10445,02/12/2023,06/12/2023,Same Day,Ali Khan,Corporate,central,Multan,Technology,Phones,Office Desk Phone,8,661.46,0.15,5291.68,-704.8
ORD-10665,03/09/2024,09/09/2024,Second Class,Sara Iqbal,Corporate, North,Islamabad,Office Supplies,Storage,Filing Cabinet,4,557.76,0.2,2231.04,235.64
ORD-10228,18/12/2024,21/12/2024,Standard Class,Hassan Farooq,Home Office,central,Multan,Office Supplies,Labels,Shipping Labels,1,85.78,0,85.78,12.94
ORD-10277,13/04/2024,20/04/2024,Second Class,Mahnoor Malik,Corporate,SOUTH,Karachi,Office Supplies,Binders,Hanging Binder,8,414.36,0.15,3314.88,1087.6
ORD-11144,22/01/2024,25/01/2024,First Class,Bilal Iqbal,Home Office,East,Gujranwala,Technology,Accessories,Keyboard,7,508.89,0,3562.23,201.22
ORD-10642,05/05/2023,09/05/2023,First Class,Ayesha Qureshi,Home Office,central,Multan,Technology,Copiers,Multifunction Copier,3,348.64,0.2,1045.92,210.62
ORD-10017,18/11/2023,19/11/2023,Second Class,Rabia Malik,Corporate,Nort,Islamabad,Technology,Machines,Laser Printer,3,66.33,0,198.99,37.33
ORD-11141,05/12/2024,07/12/2024,Standard Class,,Home Office,West,Peshawar,Technology,Accessories,USB Cable,12,139.05,0,1668.6,10.72
ORD-11021,23/09/2024,24/09/2024,Standard Class,Ahmed Chaudhry,Consumer,North,Rawalpindi,Furniture,Chairs,Folding Chair,8,346.37,0.15,2770.96,916.09
ORD-10761,24/05/2023,29/05/2023,Same Day,Nida Butt,Consumer,East,Gujranwala,Furniture,Bookcases,5-Shelf Bookcase,7,604.72,0.1,4233.04,1074.09
ORD-11186,26/08/2024,31/08/2024,Same Day,Hassan Qureshi,Consumer,South,Karachi,Office Supplies,Labels,Shipping Labels,9,309.42,0.3,2784.78,266.37
ORD-11159,25/08/2023,29/08/2023,Second Class,Fatima Butt,Consumer,Centeral,Faisalabad,Furniture,Tables,Corner Table,12,146.12,0,1753.44,268.77
ORD-11124,06/03/2023,11/03/2023,Same Day,Tariq Qureshi,Home Office,north,Islamabad,Office Supplies,Paper,Notebook,10,720.1,0.15,7201,2238.89
ORD-10115,26/03/2024,30/03/2024,Second Class,Rabia Chaudhry,Home Office,East,Gujranwala,Technology,Copiers,Multifunction Copier,2,655.74,0,1311.48,85.64
ORD-10416,26/10/2023,02/11/2023,First Class,Rabia Malik,Consumer,Central,Faisalabad,Office Supplies,Binders,3-Ring Binder,5,230.59,0.15,1152.95,-10.97
ORD-10649,17/01/2024,22/01/2024,Standard Class,Nida Khan,Home Office,central,Faisalabad,Furniture,Bookcases,Wall-Mount Bookcase,10,226.51,0,2265.1,-198.63
ORD-10426,07/02/2024,09/02/2024,Standard Class,Adeel Malik,Home Office,West,Quetta,Technology,Copiers,Desktop Copier,8,645.28,0,5162.24,-684.36
ORD-10530,14/05/2024,18/05/2024,Same Day,Ahmed Iqbal,Corporate, West,Quetta,Technology,Phones,Cordless Phone,10,287.69,0,2876.9,-46.25
ORD-11020,08/12/2023,10/12/2023,Second Class,Hassan Farooq,Consumer, West,Peshawar,Office Supplies,Art,Highlighter Pack,8,506.94,0,4055.52,1003.75
ORD-10262,15/05/2023,17/05/2023,Standard Class,Ali Iqbal,Home Office,Nort,Rawalpindi,Furniture,Chairs,Folding Chair,11,233.93,0.15,2573.23,415.75
ORD-10768,30/12/2023,01/01/2024,Standard Class,Rabia Ansari,Consumer, West,Peshawar,Furniture,Tables,Coffee Table,4,317.21,0.2,1268.84,142.78
ORD-10140,05/05/2023,10/05/2023,Same Day,Ali Chaudhry,Consumer,Centeral,Faisalabad,Office Supplies,Paper,Sticky Notes,12,75.73,0.1,908.76,161.75
ORD-11093,03/02/2024,05/02/2024,Second Class,Bilal Raza,Consumer, West,Peshawar,Technology,Accessories,Wireless Mouse,12,870.19,0.1,10442.28,1871.28
ORD-10285,10/06/2024,11/06/2024,Second Class,Bilal Butt,Consumer,West,Peshawar,Office Supplies,Labels,Shipping Labels,10,762.18,0,7621.8,116.47
ORD-10806,26/08/2023,29/08/2023,Second Class,Hina Iqbal,Corporate,WEST,Quetta,Technology,Copiers,Multifunction Copier,6,682.78,0,4096.68,-528.61
ORD-10586,06/04/2024,10/04/2024,First Class,Nida Khan,Consumer, West,Peshawar,Office Supplies,Storage,Filing Cabinet,3,400.31,0,1200.93,207.37
ORD-10220,14/12/2024,19/12/2024,Second Class,Kamran Iqbal,Consumer,north,Islamabad,Furniture,Chairs,Mesh Task Chair,9,48.81,0,439.29,-8.75
ORD-10877,30/10/2024,03/11/2024,Same Day,Usman Butt,Consumer, West,Quetta,Technology,Phones,Cordless Phone,10,559.83,0,5598.3,838.54
ORD-10929,19/09/2024,24/09/2024,Second Class,Hassan Sheikh,Consumer,North,Islamabad,Furniture,Tables,Corner Table,7,708.75,0.2,4961.25,295.22
ORD-10760,22/05/2023,27/05/2023,Same Day,Sana Iqbal,Consumer,WEST,Peshawar,Office Supplies,Storage,Filing Cabinet,7,417.85,0.15,2924.95,-400.1
ORD-10525,05/04/2024,10/04/2024,Same Day,Adeel Chaudhry,Consumer,east,Sialkot,Furniture,Tables,Round Conference Table,11,100.17,0.15,1101.87,-155.41
ORD-10164,15/05/2024,21/05/2024,Standard Class,Bilal Ansari,Home Office, West,Quetta,Technology,Accessories,USB Cable,8,169.72,0.15,1357.76,468.65
ORD-10493,21/12/2024,26/12/2024,Second Class,Tariq Qureshi,Corporate, South ,Karachi,Technology,Copiers,Multifunction Copier,-7,841.5,0.2,5890.5,962.39
ORD-10108,21/05/2023,22/05/2023,Same Day,Adeel Khan,Consumer,east,Sialkot,Technology,Copiers,Multifunction Copier,2,22.01,0,44.02,11.77
ORD-10778,07/03/2024,10/03/2024,Standard Class,Ali Sheikh,Corporate,SOUTH,Karachi,Furniture,Tables,Coffee Table,8,70.26,0.15,562.08,169.84
ORD-10411,23/03/2024,25/03/2024,Same Day,Adeel Iqbal,Corporate,north,,Office Supplies,Art,Highlighter Pack,10,165.92,0.15,1659.2,102.97
ORD-11027,05/11/2024,08/11/2024,Second Class,Hassan Qureshi,Home Office,central,Faisalabad,Technology,Accessories,Wireless Mouse,7,338.04,0,2366.28,552.9
ORD-10099,28/03/2023,02/04/2023,Same Day,Rabia Ansari,Corporate,South,Karachi,Technology,Copiers,Multifunction Copier,10,147.08,,1470.8,454.43
ORD-10573,29/01/2024,02/02/2024,Standard Class,Rabia Raza,Home Office,West,Peshawar,Technology,Phones,Office Desk Phone,10,177.27,0,1772.7,-255.01
ORD-11086,21/01/2024,28/01/2024,Second Class,Tariq Iqbal,Consumer,North,Lahore,Furniture,Chairs,Mesh Task Chair,8,807.44,0.3,6459.52,1641.04
ORD-10960,28/07/2024,01/08/2024,Second Class,Ali Ansari,Home Office,Centeral,Faisalabad,Office Supplies,Storage,Storage Bin,1,173.33,0,173.33,0.62
ORD-10363,29/03/2023,02/04/2023,Second Class,fatima farooq,Consumer,Centeral,Multan,Furniture,Furnishings,Floor Mat,7,588.76,0,4121.32,538.18
ORD-10941,22/06/2023,25/06/2023,Standard Class,Tariq Chaudhry,Consumer,North,Lahore,Technology,Accessories,Keyboard,9,486.74,0.1,4380.66,697.56
ORD-10578,30/09/2024,02/10/2024,Standard Class,Nida Butt,Consumer, South ,Hyderabad,Technology,Copiers,Desktop Copier,1,329.72,0,329.72,9.54
ORD-10694,26/02/2024,03/03/2024,Same Day,Ali Khan,Corporate,east,Sialkot,Office Supplies,Binders,3-Ring Binder,10,677.26,0.15,6772.6,-472.9
ORD-10170,17/02/2023,18/02/2023,Standard Class,Fatima Qureshi,Corporate,EAST,Sialkot,Furniture,Bookcases,5-Shelf Bookcase,3,678.27,,2034.81,529.97
ORD-10523,13/03/2024,16/03/2024,First Class,Faisal Malik,Corporate,Central,Multan,Furniture,Chairs,Stacking Chair,8,596.47,0.15,4771.76,1223.54
ORD-10956,02/06/2023,09/06/2023,Standard Class,Omar Malik,Corporate,West,Quetta,Technology,Phones,Office Desk Phone,6,616.31,0.15,3697.86,403.97
ORD-10815,06/02/2024,11/02/2024,Same Day,Ayesha Chaudhry,Consumer,EAST,Gujranwala,Office Supplies,Binders,3-Ring Binder,7,872.58,0,6108.06,-160.65
ORD-10572,03/10/2024,07/10/2024,Standard Class,Nida Iqbal,Corporate,North,Rawalpindi,Furniture,Chairs,Folding Chair,2,557.49,0.1,1114.98,-37.29
ORD-10474,03/04/2023,05/04/2023,Standard Class,Adeel Sheikh,Home Office,EAST,Gujranwala,Office Supplies,Paper,Notebook,9,515.36,0,4638.24,1204.98
ORD-10316,03/02/2024,09/02/2024,Same Day,Sara Malik,Corporate,North,Lahore,Office Supplies,Labels,Shipping Labels,5,203.48,0,1017.4,157.2
ORD-10484,16/03/2024,17/03/2024,Second Class,Ali Khan,Corporate, West,Peshawar,Office Supplies,Art,Pen Set,3,503.22,0.3,1509.66,361.85
ORD-10744,27/06/2024,01/07/2024,Standard Class,Faisal Sheikh,Corporate,east,Sialkot,Technology,Phones,Office Desk Phone,3,360.25,0.1,1080.75,112.36
ORD-10023,19/03/2023,25/03/2023,Standard Class,Bilal Khan,Corporate,South,Hyderabad,Technology,Machines,Label Maker,5,331.36,0.3,1656.8,556.85
ORD-10283,24/10/2024,29/10/2024,First Class,NIDA IQBAL,Consumer,west,Peshawar,Technology,Phones,Office Desk Phone,11,284.83,0.15,3133.13,-385.68
ORD-10668,10/10/2024,12/10/2024,First Class,Faisal Khan,Home Office,SOUTH,Hyderabad,Office Supplies,Binders,Hanging Binder,5,103.5,0,517.5,-5.03
ORD-10673,04/04/2024,10/04/2024,First Class,Rabia Khan,Consumer, North,Lahore,Office Supplies,Art,Highlighter Pack,3,541.24,0.2,1623.72,541.91
ORD-10777,18/03/2023,23/03/2023,Standard Class,Tariq Malik,Corporate,central,Faisalabad,Office Supplies,Labels,Address Labels,10,426.53,0,4265.3,753.32
ORD-11085,30/08/2023,03/09/2023,First Class,Omar Sheikh,Home Office, West,Quetta,Office Supplies,Art,Marker Set,10,725.05,0,7250.5,-510.46
ORD-10186,04/11/2024,08/11/2024,Standard Class,Nida Khan,Home Office,West,Quetta,Office Supplies,Labels,Shipping Labels,12,197.24,0,2366.88,535.3
ORD-10452,28/06/2024,04/07/2024,First Class,Sara Sheikh,Consumer,CENTRAL,Faisalabad,Technology,Accessories,Keyboard,8,83.14,0.1,665.12,198.85
ORD-10534,25/09/2023,28/09/2023,First Class,Ayesha Qureshi,Corporate,south,Karachi,Furniture,Bookcases,Wall-Mount Bookcase,4,113.02,0,452.08,42.13
ORD-10390,29/02/2024,04/03/2024,First Class,Fatima Chaudhry,Consumer,NORTH,Islamabad,Technology,Machines,Laser Printer,5,712.22,0,3561.1,0.51
ORD-10953,16/02/2024,18/02/2024,Standard Class,Rabia Chaudhry,Home Office,SOUTH,Karachi,Office Supplies,Art,Marker Set,1,791.97,0,791.97,270.07
ORD-10123,11/08/2024,12/08/2024,Second Class,  Rabia Raza  ,Consumer,SOUTH,Karachi,Office Supplies,Art,Highlighter Pack,3,790.77,0.3,2372.31,298.08
ORD-10606,01/01/2024,04/01/2024,First Class,Nida Sheikh,Consumer,South,Hyderabad,Technology,Accessories,USB Cable,8,201.99,0.2,1615.92,416.17
ORD-10828,26/05/2024,29/05/2024,Second Class,  Ayesha Iqbal  ,Home Office,SOUTH,Hyderabad,Technology,Copiers,Desktop Copier,12,74.37,0,892.44,203.87
ORD-11067,15/07/2024,19/07/2024,Same Day,Sara Malik,Home Office,west,Quetta,Furniture,Tables,Round Conference Table,5,736.47,0,3682.35,430.75
ORD-10699,13/11/2023,14/11/2023,,Nida Raza,Home Office,east,Gujranwala,Technology,Machines,Label Maker,3,633.88,0,1901.64,29.78
ORD-10933,19/06/2024,20/06/2024,First Class,Imran Iqbal,Home Office,Nort,Rawalpindi,Office Supplies,Paper,Notebook,7,55.7,0,389.9,110.18
ORD-10954,18/01/2024,19/01/2024,Second Class,Omar Khan,Consumer,South,Karachi,Furniture,Bookcases,Wall-Mount Bookcase,10,509.21,0.3,5092.1,-587.15
ORD-10872,03/02/2023,09/02/2023,Same Day,Fatima Ansari,Consumer,Central,Faisalabad,Technology,Accessories,USB Cable,6,277.11,0.3,1662.66,12.75
ORD-11016,19/08/2024,23/08/2024,First Class,Hassan Iqbal,Corporate,NORTH,Rawalpindi,Furniture,Bookcases,Corner Bookcase,4,141.27,0,565.08,173.82
ORD-10231,13/05/2024,19/05/2024,Same Day,Omar Chaudhry,Home Office,East,Gujranwala,Furniture,Tables,Corner Table,3,164.05,0,492.15,159.65
ORD-10147,02/04/2024,09/04/2024,Same Day,Kamran Sheikh,Home Office,east,Gujranwala,Technology,Phones,Office Desk Phone,1,602.67,0.1,602.67,2.05
ORD-10961,18/11/2023,24/11/2023,Same Day,Fatima Raza,Home Office,Nort,Lahore,Furniture,Bookcases,Wall-Mount Bookcase,9,51.93,0.3,467.37,89.77
ORD-10167,15/12/2024,21/12/2024,Same Day,Fatima Qureshi,Consumer,west,Quetta,Furniture,Tables,Rectangular Desk,9,230.91,0,2078.19,-33.95
ORD-10224,14/10/2023,18/10/2023,Same Day,Faisal Ansari,Consumer,South,Karachi,Technology,Accessories,Wireless Mouse,8,59.58,0,476.64,19.78
ORD-10855,11/11/2023,12/11/2023,Same Day,Usman Butt,Consumer,south,Karachi,Office Supplies,Binders,Hanging Binder,11,502.04,0.3,5522.44,205.04
ORD-10070,31/08/2023,04/09/2023,Standard Class,Nida Chaudhry,Home Office,CENTRAL,Faisalabad,Technology,Accessories,USB Cable,1,511.51,0.2,511.51,122.33
ORD-10947,23/12/2023,29/12/2023,Second Class,Sana Qureshi,Consumer,central,Faisalabad,Office Supplies,Labels,Address Labels,8,449.93,0.1,3599.44,-423.55
ORD-10451,19/08/2023,22/08/2023,Same Day,Kamran Raza,Home Office,east,Gujranwala,Office Supplies,Binders,3-Ring Binder,8,440.17,0.15,3521.36,932.39
ORD-10171,16/06/2023,21/06/2023,Second Class,Sara Ansari,Consumer, South ,Hyderabad,Office Supplies,Paper,Notebook,12,877.02,0,10524.24,-1064.6
ORD-10318,06/06/2024,11/06/2024,Same Day,Ahmed Butt,Corporate,south,Karachi,Office Supplies,Paper,Notebook,2,897.15,0.3,1794.3,89.21
ORD-10168,18/01/2024,22/01/2024,Standard Class,Ali Malik,Home Office,west,Quetta,Office Supplies,Binders,Hanging Binder,7,344.44,0.15,2411.08,212.18
ORD-10306,05/12/2023,11/12/2023,Second Class,Mahnoor Butt,Home Office, North,Rawalpindi,Office Supplies,Art,Marker Set,11,750.86,0,8259.46,-232.63
ORD-10483,07/11/2024,14/11/2024,Standard Class,Imran Farooq,Consumer,Centeral,Faisalabad,Furniture,Bookcases,Corner Bookcase,9,239.19,0,2152.71,548.38
ORD-10358,07/12/2024,14/12/2024,First Class,Kamran Butt,Corporate,EAST,Sialkot,Furniture,Chairs,Stacking Chair,3,242.16,0.15,726.48,-18.21
ORD-11187,12/03/2024,19/03/2024,Standard Class,Hina Iqbal,Corporate,south,Karachi,Technology,Machines,Shredder,1,307.93,0.15,307.93,69.33
ORD-11039,07/09/2024,10/09/2024,Second Class,Imran Sheikh,Corporate,,Quetta,Furniture,Tables,Corner Table,1,351.64,0.2,351.64,89.11
ORD-10042,29/08/2024,04/09/2024,First Class,Ali Raza,Consumer,South,Hyderabad,Technology,Phones,Cordless Phone,9,388.4,0,3495.6,-403.82
ORD-10825,13/07/2024,19/07/2024,First Class,Usman Farooq,Consumer, North,Lahore,Technology,Phones,Office Desk Phone,6,431.74,0,2590.44,444.03
ORD-10946,10/12/2024,12/12/2024,Second Class,Rabia Farooq,Home Office,EAST,Sialkot,Technology,Machines,Laser Printer,9,285.57,0.3,2570.13,676.32
ORD-10132,22/02/2023,27/02/2023,Standard Class,Nida Ansari,Consumer,central,Faisalabad,Technology,Accessories,USB Cable,8,689.14,0,5513.12,1448.05
ORD-10893,13/05/2024,16/05/2024,First Class,Fatima Qureshi,Corporate,Central,Faisalabad,Furniture,Furnishings,Floor Mat,11,554.9,0.1,6103.9,2112.67
ORD-10038,19/06/2023,26/06/2023,Same Day,Sara Iqbal,Corporate,west,Quetta,Office Supplies,Labels,Address Labels,3,780.83,0,2342.49,-292.48
ORD-10871,25/07/2024,26/07/2024,First Class,Sana Farooq,Corporate,east,Gujranwala,Office Supplies,Art,Marker Set,4,481.36,0,1925.44,359.08
ORD-10399,09/07/2024,12/07/2024,Standard Class,Usman Butt,Consumer,CENTRAL,Faisalabad,Furniture,Bookcases,Corner Bookcase,2,283.68,0,567.36,68.25
ORD-10350,09/07/2023,10/07/2023,Second Class,Tariq Iqbal,Home Office,CENTRAL,Multan,Office Supplies,Binders,Hanging Binder,4,474.04,0.1,1896.16,441.55
ORD-10270,17/09/2024,21/09/2024,First Class,Imran Malik,Consumer,EAST,Sialkot,Technology,Machines,Label Maker,7,399.42,0,2795.94,-53.66
ORD-10541,18/02/2024,22/02/2024,Second Class,Omar Malik,Home Office, South ,Hyderabad,Technology,Copiers,Desktop Copier,1,486,0.1,486,103.3
ORD-11091,23/03/2023,24/03/2023,Second Class,Bilal Malik,Home Office,Central,Multan,Furniture,Furnishings,Desk Lamp,5,694.48,0.2,3472.4,34.64
ORD-10166,24/09/2024,30/09/2024,Standard Class,Ahmed Khan,Home Office,Centeral,Faisalabad,Furniture,Chairs,Stacking Chair,9,651.36,0.15,5862.24,1985.77
ORD-10556,26/05/2023,30/05/2023,Same Day,Usman Qureshi,Consumer,east,Gujranwala,Furniture,Chairs,Mesh Task Chair,10,216.66,0.15,2166.6,490.07
ORD-10071,23/05/2024,30/05/2024,Standard Class,Bilal Malik,Home Office,East,Gujranwala,Furniture,Tables,Coffee Table,11,583.47,0,6418.17,1567.99
ORD-10367,19/06/2024,26/06/2024,Second Class,Ahmed Iqbal,Consumer,EAST,Gujranwala,Technology,Machines,Shredder,10,815.91,0.15,8159.1,-1046.48
ORD-10736,23/07/2024,30/07/2024,Standard Class,Sana Farooq,Consumer,east,Sialkot,Office Supplies,Storage,Storage Bin,11,870.6,0,9576.6,2600.41
ORD-10977,11/08/2023,17/08/2023,Same Day,Kamran Chaudhry,Corporate,south,Hyderabad,Office Supplies,Labels,Shipping Labels,4,356.58,0.1,1426.32,-136.46
ORD-11170,16/03/2024,20/03/2024,Standard Class,Imran Butt,Home Office,Central,Faisalabad,Technology,Phones,Cordless Phone,7,578.01,0.1,4046.07,938.27
ORD-10336,02/05/2024,06/05/2024,First Class,Mahnoor Iqbal,Corporate,,Faisalabad,Furniture,Tables,Corner Table,9,577.61,0.15,5198.49,25.11
ORD-10289,19/01/2024,24/01/2024,Standard Class,Fatima Raza,Home Office,Centeral,Faisalabad,Furniture,Bookcases,Corner Bookcase,9,78.7,0,708.3,
ORD-10004,12/10/2024,19/10/2024,Second Class,Zara Malik,Corporate,East,Gujranwala,Office Supplies,Paper,Notebook,10,573.31,0.15,5733.1,1230.11
ORD-10369,27/10/2023,03/11/2023,Same Day,Imran Qureshi,Home Office,west,Peshawar,Technology,Phones,Office Desk Phone,9,83.78,0,754.02,75.65
ORD-10617,19/02/2024,23/02/2024,Second Class,mahnoor malik,Consumer,WEST,Peshawar,Office Supplies,Storage,Storage Bin,7,797.07,0,5579.49,236.64
ORD-10462,28/07/2024,29/07/2024,Second Class,Faisal Iqbal,Corporate, South ,Hyderabad,Office Supplies,Storage,Storage Box,3,752.78,0.15,2258.34,-241.55
ORD-10410,12/07/2023,17/07/2023,Same Day,Bilal Butt,Home Office,WEST,Peshawar,Furniture,Bookcases,Corner Bookcase,1,69.21,0,69.21,-5.4
ORD-10389,30/07/2024,03/08/2024,Second Class,Fatima Khan,Home Office,Centeral,Faisalabad,Furniture,Tables,Coffee Table,2,26.47,0.2,52.94,13.15
ORD-11069,19/05/2023,21/05/2023,Second Class,Mahnoor Chaudhry,Consumer, North,Lahore,Furniture,Tables,Coffee Table,8,224.98,0,1799.84,369.16
ORD-10355,14/04/2024,20/04/2024,,Hina Butt,Home Office,West,Quetta,Furniture,Furnishings,Floor Mat,9,898.6,0.1,8087.4,2561.76
ORD-10326,22/12/2023,26/12/2023,First Class,Ahmed Khan,Home Office, South ,Karachi,Technology,Copiers,Multifunction Copier,11,193.62,0.15,2129.82,-212.19
ORD-11168,31/10/2023,07/11/2023,First Class,Tariq Raza,Home Office,Centeral,Multan,Technology,Accessories,USB Cable,10,348.77,0.15,3487.7,-90.33
ORD-11095,09/02/2023,16/02/2023,Second Class,Hina Khan,Consumer,NORTH,Rawalpindi,Office Supplies,Labels,Shipping Labels,2,437.1,0.3,874.2,292.54
ORD-10094,06/01/2024,07/01/2024,First Class,Rabia Malik,Consumer,,Quetta,Office Supplies,Labels,Shipping Labels,7,784.12,0.2,5488.84,108.44
ORD-10095,20/03/2023,25/03/2023,Second Class,Bilal Sheikh,Home Office,Nort,Rawalpindi,Furniture,Bookcases,Wall-Mount Bookcase,2,136.07,0,272.14,-17.21
ORD-10361,09/11/2023,14/11/2023,Same Day,Rabia Sheikh,Home Office,NORTH,Rawalpindi,Technology,Machines,Label Maker,3,50.22,0.2,150.66,52.53
ORD-10447,06/05/2024,12/05/2024,Same Day,Sana Butt,Home Office,East,Gujranwala,Technology,Phones,Office Desk Phone,12,367.8,0.3,4413.6,1261.3
ORD-10751,17/05/2024,23/05/2024,Same Day,Kamran Farooq,Consumer,EAST,Gujranwala,Technology,Copiers,Multifunction Copier,1,745.84,0,745.84,152.96
ORD-10984,21/08/2024,26/08/2024,Same Day,Hina Malik,Consumer, South ,Karachi,Office Supplies,Labels,Shipping Labels,6,66.66,0,399.96,64.8
ORD-10619,24/12/2024,30/12/2024,Standard Class,Zara Sheikh,Consumer,north,Islamabad,Technology,Copiers,Desktop Copier,10,522.62,0.2,5226.2,1415.04
ORD-10058,01/04/2023,04/04/2023,Same Day,Tariq Farooq,Home Office,east,Sialkot,Office Supplies,Labels,Address Labels,7,53.51,0.15,374.57,11.57
ORD-10548,23/02/2024,24/02/2024,Same Day,Bilal Malik,Consumer,NORTH,Rawalpindi,Office Supplies,Binders,Hanging Binder,6,277.91,0,1667.46,2.72
ORD-10664,14/02/2024,19/02/2024,First Class,Bilal Raza,Corporate,west,Quetta,Furniture,Chairs,Mesh Task Chair,9,17.22,0.2,154.98,-4.92
ORD-10626,15/01/2024,21/01/2024,Same Day,Adeel Khan,Home Office,east,Sialkot,Office Supplies,Art,Pen Set,6,786.4,0.3,4718.4,-471.42
ORD-10024,04/08/2023,10/08/2023,First Class,Usman Butt,Corporate,South,Hyderabad,Technology,Copiers,Desktop Copier,3,793.87,0,2381.61,-143.66
ORD-10812,25/07/2024,31/07/2024,Same Day,Fatima Chaudhry,Corporate,North,Lahore,Furniture,Furnishings,Desk Lamp,8,140.53,0.3,1124.24,-63.46
ORD-10770,05/11/2024,07/11/2024,Standard Class,Mahnoor Raza,Home Office,CENTRAL,Multan,Technology,Accessories,Keyboard,10,557.64,0.1,5576.4,-648.06
ORD-10244,03/08/2024,08/08/2024,Same Day,Tariq Raza,Consumer,Central,Multan,Technology,Phones,Office Desk Phone,7,241.4,0.2,1689.8,156.8
ORD-10025,16/11/2024,23/11/2024,Second Class,Ali Farooq,Consumer,SOUTH,Karachi,Technology,Phones,Office Desk Phone,4,183.62,0.1,734.48,18.24
ORD-10222,03/12/2024,09/12/2024,First Class,Sara Sheikh,Consumer,Nort,Rawalpindi,Office Supplies,Binders,3-Ring Binder,11,401.87,0,4420.57,-459.79
ORD-10620,05/04/2023,11/04/2023,Same Day,Hassan Iqbal,Home Office, West,Quetta,Technology,Machines,Label Maker,5,624.19,0.15,3120.95,1041.9
ORD-10105,25/11/2024,30/11/2024,Same Day,Hassan Sheikh,Corporate, West,Peshawar,Office Supplies,Labels,Shipping Labels,10,128.87,0,1288.7,-159.68
ORD-11104,02/02/2024,09/02/2024,Second Class,Hassan Butt,Corporate,SOUTH,Karachi,Technology,Phones,Smartphone X200,6,148.5,0.3,891,173.54
ORD-10130,17/11/2023,19/11/2023,First Class,Ahmed Malik,Consumer, South ,Hyderabad,Office Supplies,Storage,Filing Cabinet,7,457.37,0,3201.59,-135.84
ORD-10153,04/04/2024,11/04/2024,Second Class,Kamran Malik,Consumer, West,Quetta,Technology,Machines,Shredder,3,893.6,0.1,2680.8,306.74
ORD-10912,20/02/2023,24/02/2023,Standard Class,Ayesha Malik,Consumer, West,Quetta,Furniture,Furnishings,Floor Mat,-3,458.5,0.15,1375.5,291.96
ORD-11188,20/12/2024,25/12/2024,Same Day,Imran Khan,Home Office,Centeral,Faisalabad,Technology,Phones,Office Desk Phone,7,775.51,0.1,5428.57,
ORD-10742,26/12/2024,30/12/2024,First Class,Sana Qureshi,Corporate,South,Karachi,Furniture,Bookcases,Wall-Mount Bookcase,9,186.7,,1680.3,-94.14
ORD-10712,11/11/2024,18/11/2024,Same Day,Hina Malik,Consumer,East,Sialkot,Office Supplies,Paper,Sticky Notes,11,368.72,0.15,4055.92,856.38
ORD-10107,24/12/2023,25/12/2023,First Class,Nida Malik,Consumer,West,Peshawar,Technology,Accessories,USB Cable,6,205.96,0,1235.76,389.77
ORD-10075,26/01/2023,31/01/2023,Standard Class,Sana Chaudhry,Corporate,CENTRAL,Multan,Technology,Phones,Cordless Phone,11,370.42,0,4074.62,-518.81
ORD-10970,25/07/2023,31/07/2023,Same Day,Sara Sheikh,Consumer, North,Islamabad,Furniture,Bookcases,Corner Bookcase,3,566.36,0,1699.08,304.15
ORD-11088,26/03/2023,27/03/2023,First Class,Ayesha Chaudhry,Consumer,Central,Multan,Furniture,Furnishings,Wall Clock,10,265.83,0.3,2658.3,300.5
ORD-10952,26/01/2024,01/02/2024,Second Class,Kamran Butt,Corporate,west,Peshawar,Furniture,Chairs,Folding Chair,12,390.17,0,4682.04,467.46
ORD-10732,29/07/2024,30/07/2024,Standard Class,Tariq Chaudhry,Home Office,WEST,Quetta,Technology,Machines,Laser Printer,12,549.07,0.3,6588.84,1844.59
ORD-11013,19/05/2024,23/05/2024,First Class,Tariq Malik,Consumer,Central,Faisalabad,Technology,Copiers,Desktop Copier,4,406.41,0,1625.64,376.14
ORD-10457,24/09/2023,27/09/2023,Standard Class,Bilal Raza,Consumer,south,Karachi,Technology,Accessories,Wireless Mouse,8,488.18,0,3905.44,456.24
ORD-10722,25/12/2024,30/12/2024,Second Class,Kamran Butt,Home Office,Nort,Islamabad,Furniture,Tables,Corner Table,4,589.01,0,2356.04,-3.63
ORD-10199,27/03/2024,31/03/2024,First Class,OMAR BUTT,Home Office, North,Lahore,Technology,Machines,Shredder,5,88.54,0,442.7,-10.98
ORD-10887,04/06/2024,10/06/2024,Same Day,Bilal Qureshi,Home Office,Centeral,Faisalabad,Technology,Machines,Label Maker,9,286.3,0,2576.7,100.46
ORD-10134,12/04/2024,14/04/2024,Same Day,Nida Qureshi,Home Office,central,Faisalabad,Technology,Accessories,USB Cable,12,759.13,0.15,9109.56,165.67
ORD-10945,10/07/2023,17/07/2023,First Class,Kamran Chaudhry,Consumer,Centeral,Faisalabad,Technology,Accessories,Keyboard,7,336.35,0,2354.45,23.73
ORD-10259,01/04/2023,03/04/2023,Standard Class,Nida Khan,Corporate,Centeral,Faisalabad,Office Supplies,Art,Pen Set,1,482.74,0.2,482.74,17.64
ORD-10334,20/06/2023,24/06/2023,Second Class,  Ahmed Iqbal  ,Consumer,North,Lahore,Office Supplies,Labels,Address Labels,9,689.67,0,6207.03,-608.51
ORD-11173,07/11/2024,10/11/2024,Standard Class,Faisal Malik,Home Office,Nort,Islamabad,Technology,Copiers,Multifunction Copier,4,18.37,0.1,73.48,18.69
ORD-10003,25/09/2024,02/10/2024,First Class,Usman Chaudhry,Corporate,EAST,Sialkot,Technology,Phones,Smartphone X200,2,770.51,0.3,1541.02,-153.33
ORD-10737,18/08/2023,19/08/2023,Standard Class,Hassan Malik,Home Office,north,Lahore,Office Supplies,Art,Marker Set,4,653.08,0.3,2612.32,89.97
ORD-10210,16/01/2024,18/01/2024,Same Day,,Corporate,EAST,Sialkot,Furniture,Bookcases,Wall-Mount Bookcase,2,240.34,0.15,480.68,78.72
ORD-10196,26/05/2023,31/05/2023,First Class,  Sara Iqbal  ,Corporate,EAST,Gujranwala,Office Supplies,Art,Marker Set,9,676.07,0.2,6084.63,1935.93
ORD-10610,29/07/2023,04/08/2023,Same Day,Bilal Chaudhry,Home Office,north,Rawalpindi,Technology,Copiers,Multifunction Copier,6,581.02,0.3,3486.12,-453.88
ORD-10511,17/09/2023,22/09/2023,First Class,Tariq Khan,Corporate,Centeral,Faisalabad,Office Supplies,Storage,Storage Box,10,165.54,0,1655.4,168.64
ORD-10687,05/10/2023,09/10/2023,Same Day,Hina Butt,Consumer,east,Sialkot,Furniture,Tables,Rectangular Desk,7,404.79,0.3,2833.53,687.9
ORD-10026,25/01/2023,31/01/2023,Standard Class,Kamran Ansari,Consumer, South ,Hyderabad,Office Supplies,Binders,View Binder,7,613.17,0.3,4292.19,506.94
ORD-10324,23/08/2023,25/08/2023,Same Day,Imran Qureshi,Corporate,SOUTH,Karachi,Furniture,Chairs,Executive Leather Chair,1,689,,689,226.68
ORD-10735,30/06/2024,05/07/2024,Same Day,Ayesha Iqbal,Consumer,NORTH,Rawalpindi,Furniture,Chairs,Stacking Chair,12,274.39,0,3292.68,746.93
ORD-11070,17/10/2024,22/10/2024,Same Day,Sana Ansari,Home Office,North,Islamabad,Furniture,Chairs,Folding Chair,8,611.39,0.1,4891.12,612.16
ORD-11149,01/11/2023,03/11/2023,Same Day,Rabia Iqbal,Consumer,north,Islamabad,Technology,Machines,Label Maker,4,98.16,0.3,392.64,-9.45
ORD-10969,12/02/2023,18/02/2023,First Class,Mahnoor Khan,Corporate,central,Multan,Technology,Accessories,USB Cable,3,310.51,0,931.53,289.63
ORD-10061,23/12/2024,26/12/2024,Second Class,Bilal Iqbal,Consumer, West,Peshawar,Furniture,Furnishings,Floor Mat,4,830.07,0.15,3320.28,740.91
ORD-10888,23/06/2023,30/06/2023,Standard Class,Sara Raza,Home Office,Centeral,Multan,Office Supplies,Art,Marker Set,4,281.83,0,1127.32,-84.5
ORD-11048,21/09/2024,28/09/2024,Second Class,Sara Iqbal,Home Office,Centeral,Multan,Furniture,Bookcases,Wall-Mount Bookcase,10,32.67,0,326.7,42.75
ORD-10781,19/12/2024,23/12/2024,Standard Class,Kamran Raza,Home Office,central,Multan,Office Supplies,Binders,Hanging Binder,4,312.1,0,1248.4,-38.59
ORD-10339,28/07/2024,01/08/2024,First Class,Usman Chaudhry,Corporate,west,Quetta,Technology,Copiers,Multifunction Copier,-2,382.9,0,N/A,82.94
ORD-10950,06/07/2024,12/07/2024,Same Day,Kamran Qureshi,Home Office,CENTRAL,Multan,Technology,Phones,Cordless Phone,2,698.29,0,1396.58,219.16
ORD-10702,02/08/2023,07/08/2023,Standard Class,Ahmed Butt,Corporate,Central,Multan,Technology,Copiers,Desktop Copier,5,494.69,0.3,2473.45,595.42
ORD-10657,23/09/2024,25/09/2024,Second Class,Rabia Qureshi,Consumer, North,Rawalpindi,Technology,Accessories,USB Cable,1,548.6,0,548.6,102.73
ORD-10794,23/09/2023,26/09/2023,Standard Class,Usman Raza,Consumer,NORTH,Rawalpindi,Technology,Phones,Cordless Phone,2,74.34,0.1,148.68,-13.89
ORD-10409,16/10/2023,23/10/2023,Same Day,Nida Iqbal,Consumer,,Islamabad,Technology,Copiers,Multifunction Copier,7,394.5,0,2761.5,500.5
ORD-10446,14/12/2024,21/12/2024,Standard Class,Faisal Sheikh,Consumer, North,Islamabad,Furniture,Chairs,Executive Leather Chair,3,325.77,0,977.31,169.88
ORD-10985,24/04/2023,01/05/2023,Second Class,Adeel Farooq,Corporate,SOUTH,Hyderabad,Technology,Phones,Office Desk Phone,1,561.57,0.15,561.57,33.06
ORD-10508,21/05/2024,25/05/2024,First Class,Fatima Iqbal,Consumer, South ,Karachi,Technology,Machines,Label Maker,3,370.63,0,1111.89,-150.79
ORD-10913,03/08/2023,04/08/2023,Same Day,Sara Ansari,Consumer,WEST,Peshawar,Office Supplies,Paper,Copy Paper A4,6,432.79,0.15,2596.74,-244.1
ORD-10008,15/09/2023,20/09/2023,First Class,Hina Malik,Home Office,North,Rawalpindi,Technology,Accessories,Keyboard,5,394.11,0.1,1970.55,-292.38
ORD-10729,14/05/2024,18/05/2024,,Adeel Iqbal,Corporate, West,Peshawar,Office Supplies,Labels,Address Labels,7,183.75,0,N/A,47.57
ORD-10869,19/10/2023,22/10/2023,First Class,Bilal Chaudhry,Consumer, North,Lahore,Furniture,Furnishings,Floor Mat,5,418.88,0.3,2094.4,707.8
ORD-11060,04/01/2023,06/01/2023,Same Day,Ayesha Malik,Home Office,east,,Office Supplies,Paper,Copy Paper A4,7,642.62,0.1,4498.34,-336.51
ORD-10300,06/08/2023,07/08/2023,Standard Class,Nida Sheikh,Corporate,CENTRAL,Faisalabad,Technology,Machines,Label Maker,10,661.24,0,6612.4,-549.22
ORD-10870,15/08/2023,17/08/2023,Same Day,Adeel Farooq,Corporate,NORTH,Lahore,Furniture,Bookcases,Corner Bookcase,10,381.58,0.15,3815.8,54.86
ORD-10843,20/09/2024,26/09/2024,Standard Class,Kamran Ansari,Consumer,NORTH,Rawalpindi,Office Supplies,Paper,Notebook,1,846.79,0.1,846.79,49.27
ORD-10127,04/10/2024,09/10/2024,Same Day,Nida Chaudhry,Corporate,EAST,Gujranwala,Office Supplies,Paper,Notebook,8,70.31,0,562.48,-39.91
ORD-10074,09/02/2024,10/02/2024,Second Class,Zara Qureshi,Corporate,EAST,Sialkot,Office Supplies,Storage,Storage Bin,7,741.06,0,5187.42,-497.09
ORD-11194,01/01/2024,03/01/2024,Standard Class,Tariq Butt,Home Office, South ,Hyderabad,Office Supplies,Art,Marker Set,1,840.84,0.1,840.84,-10.55
ORD-10891,12/04/2024,14/04/2024,Second Class,Fatima Malik,Home Office,Nort,Islamabad,Technology,Accessories,USB Cable,3,472.69,0,1418.07,-65.42
ORD-10057,26/04/2024,29/04/2024,Standard Class,Hina Iqbal,Corporate,WEST,Peshawar,Technology,Phones,Smartphone X200,12,448.44,0.2,5381.28,1735.98
ORD-11044,16/01/2024,17/01/2024,Second Class,Rabia Khan,Corporate,Central,Multan,Technology,Accessories,Keyboard,5,792.94,0,3964.7,38.71
ORD-11008,31/05/2024,03/06/2024,Same Day,zara sheikh,Consumer, South ,Hyderabad,Technology,Phones,Office Desk Phone,3,270.01,0,810.03,142.42
ORD-10536,16/09/2024,23/09/2024,Same Day,Ayesha Sheikh,Home Office,Nort,Lahore,Technology,Phones,Smartphone X200,6,145.54,0,873.24,178.21
ORD-10297,26/09/2024,27/09/2024,Same Day,Omar Qureshi,Consumer,SOUTH,Hyderabad,Office Supplies,Storage,Storage Bin,3,511.17,0,1533.51,389.28
ORD-10414,28/04/2024,04/05/2024,First Class,Hina Ansari,Corporate,Nort,Rawalpindi,Office Supplies,Labels,Address Labels,1,424.64,0.15,424.64,128.68
ORD-10217,27/02/2024,04/03/2024,Second Class,Bilal Iqbal,Consumer,east,Sialkot,Technology,Phones,Cordless Phone,2,534.75,0,1069.5,72.18
ORD-11122,05/12/2024,12/12/2024,Same Day,Usman Farooq,Consumer,east,Gujranwala,Office Supplies,Paper,Sticky Notes,3,20.35,0,61.05,10.54
ORD-10733,23/10/2024,27/10/2024,Same Day,  Imran Farooq  ,Consumer,WEST,Peshawar,Furniture,Tables,Round Conference Table,1,891.28,0.1,891.28,-80.55
ORD-10323,21/07/2024,23/07/2024,First Class,Fatima Farooq,Consumer,WEST,Peshawar,Furniture,Bookcases,5-Shelf Bookcase,12,183.7,0.2,2204.4,-63.87
ORD-10344,12/11/2024,14/11/2024,Second Class,Ali Ansari,Corporate, West,Peshawar,Office Supplies,Paper,Notebook,9,114.32,0.1,1028.88,174.15
ORD-10633,15/12/2023,21/12/2023,Second Class,Hina Iqbal,Corporate,central,Multan,Technology,Accessories,USB Cable,10,664.54,0,6645.4,-791.18
ORD-10898,03/10/2023,05/10/2023,Same Day,Hina Raza,Corporate,east,,Office Supplies,Paper,Sticky Notes,12,287.24,0,3446.88,215.94
ORD-10704,29/04/2024,02/05/2024,Second Class,Kamran Chaudhry,Corporate,west,Quetta,Technology,Copiers,Desktop Copier,7,371.08,0.15,2597.56,801.53
ORD-10658,18/03/2023,21/03/2023,Standard Class,Hassan Raza,Corporate,SOUTH,Karachi,Office Supplies,Art,Pen Set,2,307.47,,614.94,
ORD-10688,26/04/2023,01/05/2023,Same Day,Hassan Iqbal,Home Office,WEST,Quetta,Furniture,Bookcases,5-Shelf Bookcase,6,290.79,0.1,1744.74,158.15
ORD-11109,21/05/2023,27/05/2023,Same Day,Sara Ansari,Consumer,east,Sialkot,Office Supplies,Storage,Filing Cabinet,6,72.22,0,433.32,95.03
ORD-10927,24/08/2023,30/08/2023,Second Class,Adeel Sheikh,Corporate,central,Faisalabad,Furniture,Chairs,Mesh Task Chair,12,141.09,0.15,1693.08,104.98
ORD-10880,01/12/2024,06/12/2024,Standard Class,Adeel Raza,Home Office,west,Quetta,Office Supplies,Labels,Address Labels,3,224.15,0.2,672.45,222.74
ORD-10540,01/03/2023,07/03/2023,Second Class,Hina Raza,Home Office,CENTRAL,Faisalabad,Office Supplies,Labels,Shipping Labels,1,745.17,,745.17,115.65
ORD-10266,29/08/2023,30/08/2023,Second Class,Sara Ansari,Corporate,North,Lahore,Technology,Copiers,Desktop Copier,2,652.59,0,1305.18,394.67
ORD-10006,02/11/2024,06/11/2024,Same Day,Tariq Ansari,Corporate, West,Quetta,Office Supplies,Paper,Copy Paper A4,5,673.58,0.1,3367.9,1006.7
ORD-10703,07/04/2023,11/04/2023,Same Day,Mahnoor Raza,Corporate,East,,Furniture,Chairs,Folding Chair,6,84.86,0,509.16,104.54
ORD-10122,20/05/2024,21/05/2024,Same Day,Adeel Malik,Corporate,EAST,Gujranwala,Office Supplies,Labels,Address Labels,2,281.82,0.2,563.64,118.05
ORD-10951,15/06/2023,21/06/2023,Same Day,Ayesha Raza,Corporate,south,Karachi,Furniture,Chairs,Stacking Chair,2,89.27,0.1,178.54,24.46
ORD-10138,01/08/2023,06/08/2023,First Class,Hassan Farooq,Home Office,EAST,Gujranwala,Technology,Copiers,Multifunction Copier,9,311.38,0,2802.42,526.67
ORD-10163,20/07/2024,25/07/2024,First Class,Usman Iqbal,Corporate,Centeral,Faisalabad,Furniture,Tables,Coffee Table,10,750.86,0.1,7508.6,
ORD-10755,09/01/2023,13/01/2023,Standard Class,Tariq Butt,Corporate, South ,Karachi,Technology,Accessories,Keyboard,5,440.71,0,2203.55,550.65
ORD-10564,18/04/2024,21/04/2024,Second Class,Kamran Sheikh,Consumer, South ,Karachi,Furniture,Chairs,Folding Chair,2,735.57,0.2,1471.14,2.34
ORD-11090,29/04/2024,06/05/2024,Second Class,Usman Chaudhry,Consumer,WEST,Peshawar,Office Supplies,Art,Pen Set,11,297.32,0,3270.52,263.75
ORD-10043,06/03/2024,13/03/2024,Same Day,Bilal Iqbal,Corporate,West,Peshawar,Office Supplies,Art,Highlighter Pack,3,661.75,0.2,1985.25,-29.7
ORD-10788,23/12/2023,24/12/2023,Standard Class,Hina Qureshi,Consumer,CENTRAL,Faisalabad,Technology,Machines,Laser Printer,7,779.84,0.3,5458.88,1171.55
ORD-10963,17/10/2024,22/10/2024,Second Class,Ahmed Sheikh,Corporate,North,Islamabad,Furniture,Chairs,Folding Chair,11,733.21,0.3,8065.31,124.01
ORD-10319,23/08/2024,25/08/2024,Second Class,Tariq Qureshi,Corporate,Central,Multan,Furniture,Bookcases,Corner Bookcase,6,315.99,0.3,1895.94,-22.27
ORD-11045,07/08/2023,09/08/2023,Second Class,Nida Ansari,Home Office,,Peshawar,Furniture,Chairs,Mesh Task Chair,11,566.19,0.3,6228.09,1569.07
ORD-10817,03/06/2024,05/06/2024,Second Class,Nida Farooq,Corporate,,Peshawar,Office Supplies,Storage,Filing Cabinet,7,361.82,0,2532.74,-40.12
ORD-10488,28/03/2023,03/04/2023,Same Day,Tariq Raza,Corporate,NORTH,Lahore,Office Supplies,Paper,Copy Paper A4,1,417.51,0.3,417.51,25.57
ORD-10294,20/07/2024,27/07/2024,First Class,Tariq Ansari,Consumer,central,Multan,Furniture,Chairs,Stacking Chair,2,277.7,,555.4,122.59
ORD-10463,01/05/2024,08/05/2024,Same Day,Ahmed Iqbal,Home Office,CENTRAL,Multan,Technology,Copiers,Desktop Copier,11,823.4,0.1,9057.4,-566.57
ORD-11065,26/01/2024,29/01/2024,Same Day,Adeel Ansari,Consumer,north,,Technology,Machines,Laser Printer,1,229.1,0.15,229.1,72.4
ORD-10623,29/05/2024,30/05/2024,Second Class,  Fatima Chaudhry  ,Consumer,west,Quetta,Furniture,Chairs,Mesh Task Chair,7,399.45,0.15,2796.15,-266.76
ORD-10739,10/05/2023,13/05/2023,First Class,Rabia Sheikh,Home Office, South ,Hyderabad,Technology,Phones,Cordless Phone,10,432.74,0.1,4327.4,1463.42
ORD-10019,22/10/2024,25/10/2024,First Class,Mahnoor Malik,Consumer,WEST,Quetta,Furniture,Furnishings,Floor Mat,2,486.18,0.15,972.36,-16.92
ORD-10594,06/11/2024,11/11/2024,Same Day,Hassan Raza,Corporate, North,Lahore,Office Supplies,Labels,Address Labels,7,355.04,0,2485.28,-212.32
ORD-10756,11/02/2023,13/02/2023,Second Class,Ahmed Iqbal,Corporate,EAST,Sialkot,Furniture,Furnishings,Wall Clock,6,595.93,0,3575.58,-447.12
ORD-10518,02/11/2024,07/11/2024,Same Day,hina khan,Corporate,WEST,Quetta,Furniture,Chairs,Folding Chair,12,68.3,0.15,819.6,33.35
ORD-10720,14/08/2024,18/08/2024,Standard Class,Hassan Iqbal,Home Office,,Karachi,Office Supplies,Storage,Storage Bin,4,94.12,0.3,376.48,-32.69
ORD-11073,27/08/2024,03/09/2024,First Class,Usman Farooq,Consumer,SOUTH,Hyderabad,Furniture,Tables,Round Conference Table,5,440.66,0.1,2203.3,454.86
ORD-10691,05/01/2024,12/01/2024,Second Class,Fatima Sheikh,Corporate,SOUTH,Hyderabad,Furniture,Furnishings,Desk Lamp,1,673.56,0,673.56,222.97
ORD-10874,13/09/2024,20/09/2024,Same Day,Mahnoor Chaudhry,Home Office,North,Islamabad,Furniture,Tables,Round Conference Table,3,779.08,0.3,2337.24,558.04
ORD-10507,24/06/2023,29/06/2023,First Class,,Corporate,North,Rawalpindi,Technology,Copiers,Multifunction Copier,4,643.64,0,2574.56,831.65
ORD-10137,20/01/2023,24/01/2023,Second Class,Rabia Qureshi,Home Office,east,Sialkot,Office Supplies,Paper,Sticky Notes,8,786.17,0.2,6289.36,1344.04
ORD-11098,29/09/2023,02/10/2023,Same Day,Zara Khan,Consumer,north,Rawalpindi,Technology,Accessories,Wireless Mouse,9,210.15,0,1891.35,616.59
ORD-10721,13/08/2024,20/08/2024,,Sara Khan,Home Office,WEST,Quetta,Office Supplies,Paper,Copy Paper A4,7,15.33,0.3,107.31,15.74
ORD-10185,25/10/2024,26/10/2024,Second Class,Tariq Iqbal,Home Office,,Karachi,Technology,Machines,Label Maker,8,212.51,0.1,1700.08,280.31
ORD-10999,15/01/2023,19/01/2023,Same Day,Nida Farooq,Consumer,south,Karachi,Furniture,Chairs,Executive Leather Chair,3,247.45,0,742.35,-103.31
ORD-11120,15/05/2024,18/05/2024,Same Day,Hassan Khan,Consumer,West,Peshawar,Furniture,Furnishings,Wall Clock,1,674.75,0.15,674.75,-3.69
ORD-11177,28/10/2023,03/11/2023,Second Class,Hassan Ansari,Consumer,Central,Faisalabad,Furniture,Furnishings,Wall Clock,4,785.3,0.1,3141.2,537.26
ORD-10804,15/09/2024,20/09/2024,Second Class,Faisal Farooq,Home Office,North,Lahore,Technology,Accessories,Wireless Mouse,12,752.15,0,9025.8,2065.37
ORD-10706,28/07/2024,29/07/2024,First Class,Nida Malik,Corporate,South,Hyderabad,Office Supplies,Paper,Notebook,4,352.46,0.1,1409.84,260.22
ORD-11167,20/10/2023,25/10/2023,Same Day,Nida Qureshi,Home Office,South,Hyderabad,Office Supplies,Labels,Address Labels,12,517.64,0.2,6211.68,374.99
ORD-10526,14/01/2023,16/01/2023,First Class,Adeel Qureshi,Consumer, West,Peshawar,Technology,Copiers,Multifunction Copier,6,623.14,0.2,3738.84,701.22
ORD-10327,23/09/2023,25/09/2023,First Class,Hina Raza,Corporate,CENTRAL,Multan,Office Supplies,Art,Highlighter Pack,3,451.4,0,1354.2,80.64
ORD-10317,20/09/2024,26/09/2024,Standard Class,Ahmed Sheikh,Home Office,CENTRAL,Multan,Furniture,Furnishings,Wall Clock,11,838.03,0.15,9218.33,-64.5
ORD-10862,09/01/2024,10/01/2024,,Ahmed Raza,Corporate, South ,Hyderabad,Technology,Phones,Smartphone X200,12,533.19,0,6398.28,687.48
ORD-11075,04/09/2024,07/09/2024,Standard Class,Kamran Raza,Consumer,EAST,,Furniture,Furnishings,Desk Lamp,4,282.76,0.15,1131.04,-75.81
ORD-10551,30/11/2023,01/12/2023,Standard Class,Tariq Khan,Consumer,Centeral,Faisalabad,Furniture,Furnishings,Wall Clock,11,801.59,0.2,8817.49,-99.75
ORD-11074,19/04/2024,21/04/2024,Same Day,Kamran Khan,Consumer,West,Quetta,Furniture,Chairs,Folding Chair,6,421.26,0.1,2527.56,741.9
ORD-10964,22/08/2023,25/08/2023,First Class,Faisal Qureshi,Corporate,West,Quetta,Furniture,Tables,Coffee Table,12,778.05,,9336.6,45.47
ORD-10509,24/09/2024,28/09/2024,Same Day,Bilal Raza,Home Office,SOUTH,Hyderabad,Furniture,Chairs,Stacking Chair,12,360.81,0,4329.72,894.81
ORD-10700,03/06/2023,04/06/2023,Second Class,Hassan Butt,Consumer,Centeral,Faisalabad,Technology,Phones,Office Desk Phone,11,419.48,0.2,4614.28,-476.91
ORD-10857,17/10/2023,24/10/2023,First Class,Mahnoor Khan,Corporate, West,Quetta,Office Supplies,Art,Highlighter Pack,4,797.6,0,3190.4,746.3
ORD-10148,29/05/2024,04/06/2024,First Class,Adeel Sheikh,Corporate,EAST,Sialkot,Technology,Accessories,Wireless Mouse,4,861.84,0.1,3447.36,-253.06
ORD-10972,26/11/2023,29/11/2023,Standard Class,Nida Khan,Consumer,north,Lahore,Technology,Machines,Laser Printer,10,57.28,0.1,572.8,134.23
ORD-10993,09/07/2023,14/07/2023,Second Class,Tariq Qureshi,Consumer,North,Lahore,Furniture,Bookcases,5-Shelf Bookcase,4,631.47,0.2,2525.88,583.06
ORD-11179,17/02/2024,24/02/2024,Standard Class,Sara Farooq,Consumer,west,Quetta,Office Supplies,Binders,Hanging Binder,12,564.72,0.1,6776.64,2110.34
ORD-10609,22/01/2023,27/01/2023,Second Class,Adeel Malik,Corporate,NORTH,Lahore,Technology,Copiers,Desktop Copier,1,128.11,0.1,128.11,-0.22
ORD-11017,23/07/2024,26/07/2024,Standard Class,Fatima Raza,Corporate,Centeral,Multan,Furniture,Bookcases,Wall-Mount Bookcase,5,356.41,0.2,1782.05,-13.03
ORD-10365,25/12/2023,30/12/2023,Second Class,Kamran Butt,Home Office,west,Peshawar,Furniture,Tables,Rectangular Desk,12,768.22,0,9218.64,2026.17
ORD-10603,14/12/2024,15/12/2024,Second Class,Ali Qureshi,Corporate,Central,Faisalabad,Technology,Accessories,Wireless Mouse,1,48.55,0.1,48.55,11.34
ORD-10478,30/03/2024,01/04/2024,Standard Class,Imran Raza,Corporate,Centeral,Faisalabad,Office Supplies,Paper,Copy Paper A4,3,16.44,0.2,49.32,4.73
ORD-11174,03/12/2024,05/12/2024,First Class,Zara Iqbal,Home Office,SOUTH,Hyderabad,Furniture,Bookcases,5-Shelf Bookcase,9,138.31,,1244.79,308.88
ORD-11022,12/01/2024,14/01/2024,Same Day,Ahmed Chaudhry,Consumer, South ,Hyderabad,Furniture,Bookcases,Wall-Mount Bookcase,1,809.18,0,809.18,-63.99
ORD-10980,17/09/2024,24/09/2024,First Class,Ahmed Khan,Consumer,Central,Multan,Furniture,Chairs,Executive Leather Chair,6,768.08,0,4608.48,1455.27
ORD-10585,08/08/2024,10/08/2024,First Class,Sana Ansari,Corporate,east,Sialkot,Furniture,Chairs,Folding Chair,6,211.01,0,1266.06,104.61
ORD-10232,03/02/2023,05/02/2023,Second Class,BILAL RAZA,Home Office,CENTRAL,Multan,Technology,Phones,Office Desk Phone,12,74.64,0,895.68,305.6
ORD-10845,08/10/2023,13/10/2023,Standard Class,Mahnoor Farooq,Consumer,East,Gujranwala,Office Supplies,Labels,Address Labels,2,109.05,0,218.1,-12.81
ORD-10621,12/11/2023,18/11/2023,Second Class,ZARA SHEIKH,Corporate,West,Quetta,Technology,Accessories,USB Cable,12,361.18,0,4334.16,-636.21
ORD-10835,12/08/2024,19/08/2024,Second Class,Usman Sheikh,Corporate,CENTRAL,Faisalabad,Furniture,Tables,Round Conference Table,2,836.94,0.15,1673.88,-128.48
ORD-10432,03/07/2024,05/07/2024,Standard Class,Ahmed Farooq,Consumer,central,Multan,Furniture,Tables,Corner Table,10,45.99,0.2,459.9,80.2
ORD-10743,18/06/2023,24/06/2023,Same Day,Ayesha Sheikh,Home Office,EAST,Sialkot,Furniture,Furnishings,Desk Lamp,1,805.22,0,805.22,-13.38
ORD-10158,19/12/2023,25/12/2023,Second Class,Nida Butt,Corporate,WEST,Peshawar,Office Supplies,Paper,Sticky Notes,9,428.8,0.3,3859.2,-144.06
ORD-10315,22/05/2023,29/05/2023,Standard Class,Fatima Ansari,Consumer,north,Islamabad,Technology,Machines,Laser Printer,7,708.54,0.3,4959.78,621.4
ORD-10256,02/04/2023,04/04/2023,,Zara Qureshi,Corporate,East,Gujranwala,Office Supplies,Storage,Filing Cabinet,5,420.07,0,2100.35,179.09
ORD-10785,28/09/2024,02/10/2024,Standard Class,Tariq Sheikh,Consumer,East,Sialkot,Furniture,Tables,Coffee Table,2,338.29,0.3,676.58,165.07
ORD-10096,19/03/2023,21/03/2023,First Class,Hina Butt,Home Office, West,Peshawar,Technology,Accessories,Keyboard,8,66.12,0.1,528.96,87.64
ORD-10439,30/06/2023,02/07/2023,Standard Class,Faisal Chaudhry,Home Office,North,Rawalpindi,Office Supplies,Storage,Storage Box,6,557.05,0.3,3342.3,255.93
ORD-10500,07/01/2024,11/01/2024,First Class,  Ali Sheikh  ,Home Office,east,Sialkot,Technology,Phones,Cordless Phone,5,499.69,0,2498.45,423.42
ORD-10384,11/08/2023,16/08/2023,Second Class,Adeel Khan,Consumer, West,Peshawar,Office Supplies,Binders,Hanging Binder,4,794.54,0,3178.16,508.13
ORD-10674,02/08/2024,03/08/2024,First Class,Sana Ansari,Consumer, South ,Hyderabad,Technology,Phones,Smartphone X200,7,508.44,0.1,3559.08,179.46
ORD-10177,15/09/2023,17/09/2023,First Class,Ahmed Iqbal,Corporate,west,Peshawar,Furniture,Tables,Coffee Table,6,758.24,0.1,4549.44,1146.63
ORD-10513,17/10/2023,20/10/2023,Same Day,Imran Butt,Consumer,CENTRAL,Faisalabad,Office Supplies,Paper,Sticky Notes,9,768.47,0.2,6916.23,1164.18
ORD-10328,15/02/2024,18/02/2024,Second Class,Zara Sheikh,Corporate,west,Quetta,Technology,Machines,Laser Printer,9,391.84,,3526.56,-183.27
ORD-10314,10/10/2023,16/10/2023,Same Day,Kamran Ansari,Home Office,west,Peshawar,Technology,Copiers,Desktop Copier,9,437.97,0,3941.73,547.21
ORD-10415,28/12/2023,04/01/2024,Standard Class,Mahnoor Chaudhry,Home Office,east,Sialkot,Furniture,Bookcases,Corner Bookcase,1,568.22,0.15,568.22,-37.2
ORD-10357,08/04/2024,12/04/2024,First Class,Rabia Butt,Consumer,West,Quetta,Office Supplies,Labels,Address Labels,5,10.88,0,54.4,-2.32
ORD-10347,22/10/2024,24/10/2024,,,Home Office,Central,Multan,Office Supplies,Paper,Sticky Notes,8,661.2,0,5289.6,1029.49
ORD-11133,29/07/2023,01/08/2023,Same Day,Imran Iqbal,Consumer,EAST,Gujranwala,Furniture,Chairs,Mesh Task Chair,1,158.38,0,158.38,18.45
ORD-10298,05/01/2023,08/01/2023,Standard Class,Hina Farooq,Consumer,south,Hyderabad,Office Supplies,Storage,Storage Box,8,403.6,0.3,3228.8,8.83
ORD-10455,30/08/2024,05/09/2024,Standard Class,Omar Butt,Consumer,Centeral,Faisalabad,Office Supplies,Labels,Address Labels,5,207.97,0,1039.85,348.73
ORD-11083,17/08/2023,24/08/2023,Second Class,Faisal Iqbal,Home Office,south,Hyderabad,Furniture,Chairs,Folding Chair,7,512.08,0,3584.56,-392.28
ORD-11089,08/03/2023,12/03/2023,Second Class,Adeel Sheikh,Home Office,CENTRAL,Multan,Technology,Phones,Office Desk Phone,12,258.91,0.1,3106.92,857.75
ORD-10810,23/04/2023,29/04/2023,Second Class,Bilal Chaudhry,Home Office, North,Islamabad,Office Supplies,Storage,Storage Box,12,603.5,0,7242,1823.68
ORD-11142,23/10/2024,26/10/2024,First Class,Omar Farooq,Home Office,east,Sialkot,Furniture,Tables,Corner Table,9,819.68,0,7377.12,-551.15
ORD-10837,30/01/2024,05/02/2024,Second Class,Sara Qureshi,Corporate,,Peshawar,Technology,Accessories,Keyboard,4,860.05,0.2,3440.2,917.85
ORD-10679,06/10/2024,13/10/2024,Second Class,Bilal Farooq,Consumer,west,Peshawar,Furniture,Furnishings,Wall Clock,2,448.89,0.1,897.78,-51.61
ORD-10249,01/02/2023,03/02/2023,Standard Class,Tariq Raza,Corporate,east,Gujranwala,Furniture,Furnishings,Floor Mat,6,151.34,0,908.04,203.84
ORD-10824,26/10/2023,30/10/2023,Same Day,Omar Ansari,Corporate,north,Islamabad,Technology,Accessories,Wireless Mouse,9,223.93,0,2015.37,698.48
ORD-10015,13/09/2023,20/09/2023,Same Day,Sara Sheikh,Consumer, North,Rawalpindi,Furniture,Chairs,Executive Leather Chair,3,368.74,0.1,1106.22,-47.71
ORD-11079,19/07/2023,23/07/2023,Standard Class,Mahnoor Chaudhry,Corporate,central,Faisalabad,Furniture,Furnishings,Floor Mat,4,5.51,0,22.04,-1.51
ORD-10159,01/03/2023,06/03/2023,Standard Class,Fatima Raza,Home Office, West,Quetta,Office Supplies,Paper,Sticky Notes,11,75.77,0.1,833.47,228.01
ORD-11047,26/09/2023,30/09/2023,Second Class,Fatima Raza,Corporate, North,Lahore,Office Supplies,Art,Marker Set,7,407.6,0.3,2853.2,808.79
ORD-10750,23/04/2023,24/04/2023,First Class,Rabia Butt,Corporate,Nort,Rawalpindi,Office Supplies,Paper,Notebook,3,698.85,0,2096.55,4.82
ORD-10632,09/12/2024,12/12/2024,Standard Class,Tariq Iqbal,Consumer,South,,Office Supplies,Art,Highlighter Pack,4,205.08,0,820.32,-3.7
ORD-10360,13/08/2024,17/08/2024,Same Day,Ayesha Sheikh,Consumer,North,Islamabad,Office Supplies,Art,Pen Set,12,589.24,0.15,7070.88,2222.57
ORD-10048,10/08/2023,16/08/2023,First Class,Usman Raza,Consumer,WEST,Peshawar,Furniture,Tables,Coffee Table,3,275.53,0.2,826.59,96.77
ORD-10202,17/11/2023,20/11/2023,Second Class,Rabia Qureshi,Home Office,East,Gujranwala,Furniture,Tables,Round Conference Table,1,551.24,0,551.24,38.61
ORD-10330,09/08/2023,16/08/2023,Standard Class,Kamran Raza,Corporate,east,Sialkot,Office Supplies,Storage,Filing Cabinet,9,503.95,0.3,4535.55,-95.89
ORD-10058,01/04/2023,04/04/2023,Same Day,Tariq Farooq,Home Office,east,Sialkot,Office Supplies,Labels,Address Labels,7,53.51,0.15,374.57,11.57
ORD-11115,14/07/2024,16/07/2024,First Class,Rabia Chaudhry,Corporate, North,Lahore,Technology,Copiers,Desktop Copier,6,126.91,0.15,761.46,42.47
ORD-10112,03/11/2024,09/11/2024,Same Day,Kamran Ansari,Home Office,Nort,Rawalpindi,Office Supplies,Paper,Copy Paper A4,6,733.09,0,4398.54,1166.46
ORD-10338,21/10/2023,25/10/2023,Second Class,Faisal Chaudhry,Corporate,Central,Faisalabad,Office Supplies,Storage,Storage Box,10,211.94,0,2119.4,263.03
ORD-11120,15/05/2024,18/05/2024,Same Day,Hassan Khan,Consumer,West,Peshawar,Furniture,Furnishings,Wall Clock,1,674.75,0.15,674.75,-3.69
ORD-10307,29/08/2024,31/08/2024,First Class,Hassan Ansari,Consumer,South,Karachi,Furniture,Tables,Coffee Table,7,541.42,0.15,3789.94,639.78
ORD-10571,02/10/2024,06/10/2024,First Class,Hina Malik,Home Office,Central,Multan,Furniture,Chairs,Stacking Chair,3,60.49,0.3,181.47,12.88
ORD-10422,14/07/2024,15/07/2024,Standard Class,Ayesha Farooq,Consumer,North,Lahore,Office Supplies,Binders,Hanging Binder,6,201.38,0,1208.28,-29.06
ORD-10813,15/05/2023,17/05/2023,Standard Class,Faisal Malik,Corporate,Nort,Rawalpindi,Technology,Machines,Laser Printer,8,504.17,0,4033.36,826.82
ORD-10635,26/05/2024,01/06/2024,Same Day,Omar Ansari,Home Office,west,Peshawar,Furniture,Chairs,Folding Chair,12,115.5,0.3,1386,281.72
ORD-10459,28/03/2024,31/03/2024,First Class,Ahmed Iqbal,Consumer, North,Lahore,Furniture,Chairs,Folding Chair,10,757.58,0.1,7575.8,217.4
ORD-10841,01/02/2023,08/02/2023,Second Class,Tariq Malik,Home Office, West,Peshawar,Furniture,Furnishings,Floor Mat,1,335.73,0.15,335.73,99.76
ORD-10618,22/03/2024,25/03/2024,First Class,Ali Iqbal,Home Office,EAST,Gujranwala,Technology,Accessories,Keyboard,7,663.42,0,4643.94,412.67
ORD-10449,24/03/2023,29/03/2023,Second Class,Ayesha Iqbal,Home Office,EAST,Sialkot,Technology,Accessories,USB Cable,6,421.49,0,2528.94,82.91
ORD-10655,12/10/2024,19/10/2024,Standard Class,Sara Malik,Consumer,NORTH,Islamabad,Office Supplies,Binders,Hanging Binder,12,219.83,0,2637.96,-177.91
ORD-10080,29/05/2023,31/05/2023,Standard Class,ahmed raza,Consumer,CENTRAL,Multan,Furniture,Chairs,Mesh Task Chair,4,532.02,0,2128.08,-133.81
ORD-10662,03/10/2023,04/10/2023,Second Class,Faisal Khan,Corporate, West,Quetta,Furniture,Bookcases,Corner Bookcase,6,795.8,0.2,4774.8,-242.41
ORD-10215,13/07/2024,20/07/2024,Standard Class,Tariq Raza,Home Office,south,Karachi,Office Supplies,Binders,3-Ring Binder,11,756.42,0,8320.62,2708.32
ORD-10641,15/05/2024,18/05/2024,,Nida Chaudhry,Consumer,central,Faisalabad,Technology,Phones,Office Desk Phone,11,589.61,0,6485.71,-935.23
ORD-10030,05/08/2024,08/08/2024,Second Class,Mahnoor Qureshi,Home Office,West,Peshawar,Office Supplies,Paper,Sticky Notes,11,293.41,0.1,3227.51,229.41
ORD-10242,04/04/2024,06/04/2024,First Class,Sara Iqbal,Corporate,south,Karachi,Furniture,Chairs,Stacking Chair,4,897.56,0.2,3590.24,-273.08
ORD-10660,07/01/2023,12/01/2023,Second Class,Kamran Butt,Consumer,WEST,Peshawar,Office Supplies,Binders,3-Ring Binder,7,322.31,0,2256.17,147.56
ORD-10209,13/11/2024,19/11/2024,First Class,Ahmed Butt,Consumer,South,Karachi,Technology,Machines,Shredder,8,857.95,0.15,6863.6,745.47
ORD-10563,28/10/2024,29/10/2024,Standard Class,Nida Qureshi,Consumer,,Faisalabad,Technology,Phones,Office Desk Phone,6,351.14,0.3,2106.84,492.96
ORD-10435,22/06/2023,28/06/2023,Second Class,Ali Butt,Consumer,EAST,Sialkot,Office Supplies,Paper,Notebook,2,712.99,0.2,1425.98,222.77
ORD-10044,22/03/2024,29/03/2024,Standard Class,Sana Sheikh,Corporate,CENTRAL,Faisalabad,Furniture,Chairs,Folding Chair,8,515.02,0.2,4120.16,162.72
ORD-11128,23/04/2024,27/04/2024,Same Day,Usman Sheikh,Consumer,Central,Multan,Technology,Copiers,Desktop Copier,4,336.93,0,1347.72,-29.34
ORD-10652,12/04/2023,13/04/2023,Second Class,Tariq Ansari,Corporate,SOUTH,Hyderabad,Furniture,Bookcases,Corner Bookcase,10,794.41,0.1,7944.1,
ORD-10403,17/04/2024,24/04/2024,Standard Class,Ayesha Iqbal,Corporate,SOUTH,Hyderabad,Technology,Machines,Shredder,12,718.1,0,8617.2,1103.65
ORD-10677,27/03/2023,02/04/2023,First Class,Hina Khan,Consumer,CENTRAL,Multan,Office Supplies,Labels,Shipping Labels,11,735.25,0.3,8087.75,224.37
ORD-10362,12/08/2024,17/08/2024,Same Day,Bilal Raza,Corporate,north,Islamabad,Office Supplies,Art,Marker Set,2,430.89,0.2,861.78,-108.02
ORD-10271,22/12/2024,29/12/2024,Standard Class,Usman Farooq,Consumer,central,Faisalabad,Technology,Phones,Office Desk Phone,6,599.02,0.2,3594.12,152.53
ORD-10466,11/10/2023,15/10/2023,Standard Class,Mahnoor Iqbal,Corporate,Nort,Rawalpindi,Office Supplies,Labels,Shipping Labels,5,567.06,0.1,2835.3,955.86
ORD-11102,10/04/2023,17/04/2023,First Class,Ahmed Sheikh,Consumer,east,Sialkot,Furniture,Tables,Round Conference Table,2,701.91,0.3,1403.82,321.79
ORD-10799,03/12/2023,05/12/2023,First Class,Usman Farooq,Home Office,East,Gujranwala,Office Supplies,Binders,Hanging Binder,12,862.06,0.1,10344.72,320.07
ORD-10277,13/04/2024,20/04/2024,Second Class,Mahnoor Malik,Corporate,SOUTH,Karachi,Office Supplies,Binders,Hanging Binder,8,414.36,0.15,3314.88,1087.6
ORD-11116,13/09/2023,18/09/2023,Second Class,Ayesha Iqbal,Home Office, North,Islamabad,Technology,Copiers,Desktop Copier,10,176.09,0,1760.9,344.52
ORD-11178,13/01/2024,15/01/2024,Second Class,Adeel Chaudhry,Home Office,east,Sialkot,Office Supplies,Art,Pen Set,7,150.27,0.2,1051.89,338.15
ORD-11002,12/06/2023,15/06/2023,Second Class,Bilal Ansari,Corporate,EAST,Gujranwala,Technology,Phones,Cordless Phone,5,310.28,0,1551.4,393.38
ORD-10718,20/04/2024,24/04/2024,Same Day,Zara Chaudhry,Consumer,West,Peshawar,Furniture,Bookcases,Wall-Mount Bookcase,7,607.6,0,4253.2,
ORD-10442,22/03/2024,24/03/2024,Second Class,Sana Sheikh,Consumer, South ,Karachi,Office Supplies,Storage,Storage Box,11,325.94,0,3585.34,-175.3
ORD-10299,23/10/2024,28/10/2024,Same Day,Sara Malik,Home Office,NORTH,Lahore,Technology,Machines,Label Maker,1,765.38,0.2,765.38,-102.87
ORD-10375,03/08/2024,08/08/2024,First Class,Sara Farooq,Consumer,south,Karachi,Technology,Phones,Office Desk Phone,3,454.58,0.15,1363.74,115.07
ORD-10795,28/07/2023,31/07/2023,Same Day,Bilal Khan,Home Office,CENTRAL,Faisalabad,Furniture,Furnishings,Wall Clock,6,548.24,0,N/A,57.54
ORD-10860,13/06/2024,20/06/2024,Same Day,Nida Khan,Consumer, North,Lahore,Office Supplies,Binders,Hanging Binder,3,290.53,0.15,871.59,90.2
ORD-10725,04/12/2024,08/12/2024,Standard Class,ahmed butt,Corporate,WEST,Peshawar,Furniture,Tables,Coffee Table,11,512.73,0.15,5640.03,1564.57
ORD-10472,03/08/2023,05/08/2023,Standard Class,Imran Iqbal,Corporate, North,Rawalpindi,Furniture,Chairs,Executive Leather Chair,1,180.73,0,180.73,44.55
ORD-10598,07/07/2023,13/07/2023,Second Class,Hassan Chaudhry,Corporate,Central,Faisalabad,Technology,Phones,Smartphone X200,11,486.28,0.2,5349.08,1648.31
ORD-11121,22/10/2023,24/10/2023,Same Day,Rabia Malik,Consumer,east,Sialkot,Office Supplies,Binders,View Binder,10,411.71,0,4117.1,708.66
ORD-10388,06/10/2024,11/10/2024,Second Class,Adeel Raza,Home Office, North,Rawalpindi,Technology,Accessories,Wireless Mouse,5,475.23,0.15,2376.15,63.98
ORD-10022,22/02/2023,23/02/2023,Standard Class,Zara Butt,Consumer,WEST,Quetta,Furniture,Bookcases,5-Shelf Bookcase,12,400.44,0.2,4805.28,306.79
ORD-10558,29/10/2024,05/11/2024,Same Day,Rabia Sheikh,Home Office,SOUTH,Hyderabad,Office Supplies,Binders,Hanging Binder,3,339.11,0,1017.33,245.19
ORD-10937,27/01/2023,29/01/2023,First Class,Omar Iqbal,Home Office,central,Multan,Technology,Accessories,USB Cable,1,657.51,0.3,657.51,194.28
ORD-10423,26/09/2024,27/09/2024,Second Class,Sara Qureshi,Consumer,Nort,Rawalpindi,Furniture,Chairs,Executive Leather Chair,3,341.48,0.3,1024.44,307.28
ORD-11019,21/11/2024,23/11/2024,Second Class,Usman Qureshi,Consumer,CENTRAL,Faisalabad,Office Supplies,Binders,Hanging Binder,5,199.04,0,995.2,4.93
ORD-11071,22/04/2024,28/04/2024,First Class,Hassan Ansari,Corporate,CENTRAL,Faisalabad,Office Supplies,Labels,Shipping Labels,8,117.98,0,943.84,-43.94
ORD-10906,02/08/2024,06/08/2024,Standard Class,Mahnoor Raza,Home Office,Nort,Islamabad,Technology,Copiers,Multifunction Copier,11,65.06,0,715.66,94.93
ORD-11108,18/07/2024,24/07/2024,First Class,Omar Ansari,Home Office,East,Sialkot,Technology,Accessories,USB Cable,7,267.64,0.3,1873.48,-181.19
ORD-10142,28/02/2024,02/03/2024,Standard Class,Imran Farooq,Consumer,West,Quetta,Furniture,Tables,Corner Table,11,183.51,0,2018.61,21.36
ORD-10050,04/05/2024,05/05/2024,Same Day,Bilal Qureshi,Home Office, North,Islamabad,Furniture,Chairs,Mesh Task Chair,5,81.24,0,406.2,-36.87
ORD-10716,18/10/2023,24/10/2023,Standard Class,,Home Office,Central,Multan,Furniture,Chairs,Executive Leather Chair,2,449.28,0.3,898.56,145.49
ORD-10782,11/01/2023,13/01/2023,First Class,Sara Khan,Home Office,West,Quetta,Technology,Machines,Laser Printer,3,397.51,0,1192.53,-152.81
ORD-10081,07/03/2024,12/03/2024,First Class,Mahnoor Malik,Corporate,North,Islamabad,Office Supplies,Storage,Storage Bin,8,455.94,0.15,3647.52,-468.04
ORD-10482,12/04/2023,18/04/2023,Standard Class,Nida Qureshi,Consumer,North,Islamabad,Technology,Phones,Smartphone X200,11,297.63,0,3273.93,527.05
ORD-10321,11/08/2024,14/08/2024,Second Class,,Home Office, West,Peshawar,Furniture,Bookcases,Wall-Mount Bookcase,1,436.36,0,436.36,-50.72
ORD-11028,21/05/2024,27/05/2024,Second Class,Zara Butt,Consumer,Centeral,Faisalabad,Office Supplies,Binders,Hanging Binder,6,832.62,0.2,4995.72,416.03
ORD-10740,09/05/2024,11/05/2024,Standard Class,Tariq Sheikh,Consumer,NORTH,Islamabad,Technology,Phones,Office Desk Phone,11,584.19,0.3,6426.09,-302.38
ORD-11181,16/05/2023,19/05/2023,Second Class,Ayesha Farooq,Home Office,EAST,Sialkot,Furniture,Bookcases,Wall-Mount Bookcase,9,834.81,10,7513.29,-1087.02
ORD-10066,03/10/2024,09/10/2024,Same Day,Sara Iqbal,Consumer,West,,Furniture,Bookcases,5-Shelf Bookcase,2,685.53,0.2,1371.06,392.52
ORD-11152,22/04/2023,25/04/2023,Standard Class,ADEEL KHAN,Corporate,south,Hyderabad,Office Supplies,Paper,Sticky Notes,11,620.99,0,6830.89,-35.19
ORD-10652,12/04/2023,13/04/2023,Second Class,Tariq Ansari,Corporate,,Hyderabad,Furniture,Bookcases,Corner Bookcase,10,794.41,0.1,7944.1,702.5
ORD-10793,21/08/2023,27/08/2023,Second Class,Hassan Ansari,Consumer,south,Karachi,Furniture,Chairs,Executive Leather Chair,8,524,0,4192,531.14
ORD-10417,25/04/2023,30/04/2023,Standard Class,Usman Farooq,Consumer,south,Hyderabad,Office Supplies,Paper,Sticky Notes,3,720.44,0.3,2161.32,-288.44
ORD-11046,11/05/2023,18/05/2023,First Class,Mahnoor Butt,Consumer,central,Multan,Office Supplies,Labels,Address Labels,4,566.11,0.1,2264.44,611.14
ORD-10064,29/04/2024,05/05/2024,Standard Class,Rabia Qureshi,Home Office, West,Quetta,Office Supplies,Binders,3-Ring Binder,6,783.38,0.3,4700.28,1280.92
ORD-10971,27/03/2024,28/03/2024,Second Class,Ayesha Malik,Home Office,SOUTH,,Furniture,Bookcases,5-Shelf Bookcase,7,468.65,0,3280.55,522.57
ORD-10962,04/06/2024,09/06/2024,Second Class,Hassan Sheikh,Home Office,SOUTH,Karachi,Furniture,Chairs,Stacking Chair,12,291.68,0.2,3500.16,-168.69
ORD-11113,03/05/2024,04/05/2024,Second Class,Hassan Qureshi,Consumer,WEST,Peshawar,Technology,Phones,Office Desk Phone,9,806.05,0,7254.45,-790.7
ORD-10491,01/10/2024,07/10/2024,Standard Class,Sara Qureshi,Home Office,Nort,Lahore,Technology,Accessories,Wireless Mouse,9,430.37,0,3873.33,91.64
ORD-10754,26/08/2024,30/08/2024,First Class,Ayesha Iqbal,Consumer,east,Sialkot,Furniture,Bookcases,Corner Bookcase,8,512.16,0.3,4097.28,1008.63
ORD-11112,04/11/2024,07/11/2024,Standard Class,Hina Chaudhry,Consumer, North,Lahore,Office Supplies,Art,Marker Set,12,51.59,0,619.08,-63.67
ORD-10065,12/04/2024,13/04/2024,Same Day,Hina Qureshi,Corporate, South ,Karachi,Furniture,Furnishings,Wall Clock,12,360.75,0,4329,1194.3
ORD-11040,14/02/2023,17/02/2023,Standard Class,Sana Malik,Corporate,south,Hyderabad,Technology,Copiers,Desktop Copier,2,152.17,0,304.34,67.01
ORD-11078,22/01/2024,25/01/2024,Standard Class,Adeel Iqbal,Consumer,WEST,Quetta,Furniture,Tables,Round Conference Table,5,357.99,0,1789.95,-229.1
ORD-11035,05/07/2024,12/07/2024,Standard Class,Imran Khan,Corporate, North,Rawalpindi,Technology,Accessories,Keyboard,7,39.61,,277.27,63.64
ORD-10296,16/07/2024,17/07/2024,Standard Class,Mahnoor Farooq,Corporate,EAST,Sialkot,Office Supplies,Binders,3-Ring Binder,6,324.64,10,1947.84,346.2
ORD-10591,05/11/2024,12/11/2024,Standard Class,Nida Ansari,Consumer,east,Sialkot,Office Supplies,Art,Highlighter Pack,5,296.84,0,1484.2,198.57
ORD-10419,23/02/2023,25/02/2023,Second Class,Tariq Sheikh,Home Office, West,Peshawar,Office Supplies,Art,Highlighter Pack,7,616.74,0.1,4317.18,376.87
ORD-10438,06/01/2024,13/01/2024,Same Day,Ali Sheikh,Corporate,central,Faisalabad,Technology,Machines,Label Maker,2,717.97,0.2,1435.94,390.42
ORD-10261,16/02/2023,19/02/2023,Second Class,Imran Raza,Consumer,east,Gujranwala,Office Supplies,Paper,Sticky Notes,4,152.57,0.3,610.28,31.55
ORD-10747,17/12/2024,23/12/2024,First Class,Imran Sheikh,Home Office, West,Peshawar,Furniture,Tables,Coffee Table,3,708.23,0,2124.69,357.9
ORD-10281,29/04/2023,06/05/2023,Standard Class,FAISAL KHAN,Consumer,EAST,Gujranwala,Technology,Copiers,Multifunction Copier,9,100.29,0.1,902.61,-69.8
ORD-10680,06/08/2024,10/08/2024,Same Day,Nida Qureshi,Home Office,SOUTH,Karachi,Office Supplies,Paper,Copy Paper A4,4,67.16,0,268.64,16.98
ORD-10876,20/04/2024,23/04/2024,Same Day,Tariq Raza,Home Office,west,Quetta,Office Supplies,Storage,Storage Box,8,592.29,0.2,4738.32,1438.75
ORD-10188,02/02/2024,07/02/2024,Standard Class,Hassan Chaudhry,Consumer,West,Peshawar,Office Supplies,Art,Highlighter Pack,10,533.2,0.2,5332,-442.7
ORD-10957,17/07/2023,22/07/2023,Same Day,Ayesha Ansari,Consumer,SOUTH,Hyderabad,Technology,Copiers,Multifunction Copier,2,307.82,0,615.64,-48.83
ORD-10251,16/05/2023,22/05/2023,Same Day,Zara Iqbal,Corporate,South,Karachi,Office Supplies,Labels,Shipping Labels,7,767.17,0.1,5370.19,-128.89
ORD-10930,25/12/2023,26/12/2023,First Class,Mahnoor Butt,Consumer,SOUTH,Karachi,Office Supplies,Binders,Hanging Binder,4,401.83,0.2,1607.32,-19.71
ORD-10748,04/01/2023,05/01/2023,Standard Class,Hina Malik,Home Office, South ,Hyderabad,Technology,Machines,Laser Printer,3,172.67,0.1,518.01,-40.97
ORD-10514,13/07/2023,15/07/2023,First Class,Hassan Farooq,Home Office,north,Lahore,Furniture,Furnishings,Wall Clock,7,108.84,0.1,761.88,-98.74
ORD-10638,19/07/2023,25/07/2023,Same Day,Ali Chaudhry,Corporate,Centeral,Multan,Furniture,Bookcases,Corner Bookcase,8,590.9,0.15,4727.2,-383.94
ORD-10487,20/08/2024,21/08/2024,First Class,  Faisal Raza  ,Home Office,east,Sialkot,Office Supplies,Storage,Filing Cabinet,1,596.81,0,596.81,-19.51
ORD-10273,29/08/2023,30/08/2023,Same Day,Hina Malik,Consumer, West,Peshawar,Furniture,Furnishings,Wall Clock,8,671.99,0,5375.92,-530.49
ORD-11024,09/12/2024,11/12/2024,Standard Class,Ali Farooq,Home Office,South,Hyderabad,Technology,Copiers,Desktop Copier,7,748.25,0.1,5237.75,-327.3
ORD-11114,26/10/2024,31/10/2024,Second Class,Rabia Sheikh,Corporate,North,Islamabad,Furniture,Tables,Rectangular Desk,7,9.73,0.15,68.11,19.58
ORD-10448,10/10/2024,11/10/2024,Second Class,Omar Iqbal,Home Office, North,Rawalpindi,Office Supplies,Labels,Address Labels,5,629.76,0.15,3148.8,381.69
ORD-10411,23/03/2024,25/03/2024,Same Day,Adeel Iqbal,Corporate,north,Rawalpindi,Office Supplies,Art,Highlighter Pack,10,165.92,0.15,1659.2,102.97
ORD-10915,17/01/2023,20/01/2023,Standard Class,Bilal Ansari,Home Office,,Sialkot,Furniture,Tables,Round Conference Table,3,130.5,0.1,391.5,90.49
ORD-10801,21/11/2024,26/11/2024,Second Class,Sara Iqbal,Consumer,SOUTH,Hyderabad,Office Supplies,Storage,Storage Box,7,457,0,3199,441.48
ORD-10998,17/02/2024,21/02/2024,Same Day,Ahmed Butt,Corporate, West,Quetta,Furniture,Furnishings,Wall Clock,6,346.4,0.3,2078.4,345.22
ORD-11014,03/09/2023,04/09/2023,Second Class,Ali Khan,Home Office,Central,Multan,Technology,Machines,Label Maker,4,683.88,0,2735.52,895.09
ORD-10149,19/12/2024,24/12/2024,Second Class,Sana Ansari,Home Office,west,Quetta,Technology,Phones,Cordless Phone,12,328.8,0.15,3945.6,-370.47
ORD-10218,26/10/2023,29/10/2023,Second Class,Usman Malik,Consumer,east,Gujranwala,Office Supplies,Art,Pen Set,4,126.82,0.3,507.28,72.21
ORD-10239,12/02/2024,16/02/2024,Same Day,Kamran Iqbal,Corporate,WEST,Quetta,Technology,Copiers,Desktop Copier,6,171.99,0,1031.94,-18.94
ORD-10773,17/05/2023,23/05/2023,Second Class,Omar Sheikh,Consumer,central,Multan,Office Supplies,Art,Pen Set,4,669.23,0.1,2676.92,687.75
ORD-10192,22/05/2024,27/05/2024,Standard Class,Tariq Khan,Home Office,Central,Multan,Office Supplies,Labels,Shipping Labels,12,400.02,0,4800.24,1655.54
ORD-10191,02/12/2024,06/12/2024,Same Day,Usman Chaudhry,Home Office, West,Peshawar,Furniture,Chairs,Executive Leather Chair,1,250.99,0.15,250.99,-1.42
ORD-11184,27/11/2023,28/11/2023,First Class,Faisal Chaudhry,Consumer, South ,Hyderabad,Technology,Phones,Smartphone X200,5,895.46,0,4477.3,339.69
ORD-10644,05/11/2024,06/11/2024,First Class,Ayesha Khan,Consumer,south,Karachi,Technology,Copiers,Multifunction Copier,3,519.7,0.2,1559.1,-108.19
ORD-10648,26/01/2024,01/02/2024,Second Class,Faisal Butt,Home Office, South ,Hyderabad,Furniture,Bookcases,Corner Bookcase,9,187.37,0.2,1686.33,364.82
ORD-11198,14/10/2023,19/10/2023,First Class,Rabia Iqbal,Consumer,SOUTH,Hyderabad,Office Supplies,Storage,Storage Box,8,536.27,0,4290.16,-342.45
ORD-10643,09/05/2023,10/05/2023,Standard Class,Tariq Ansari,Consumer,East,Sialkot,Office Supplies,Binders,View Binder,9,442.26,0.15,3980.34,1069.01
ORD-11005,30/07/2024,03/08/2024,First Class,Adeel Raza,Consumer,NORTH,Rawalpindi,Furniture,Furnishings,Desk Lamp,2,478.67,0.1,957.34,144.85
ORD-11033,30/10/2023,31/10/2023,First Class,Ayesha Iqbal,Corporate,south,Karachi,Furniture,Bookcases,Wall-Mount Bookcase,6,597.12,0,3582.72,712.64
ORD-10582,08/09/2023,09/09/2023,Second Class,Ali Chaudhry,Home Office,central,Faisalabad,Furniture,Bookcases,5-Shelf Bookcase,3,767.09,0.15,2301.27,674.08
ORD-10758,12/09/2023,19/09/2023,Second Class,Adeel Chaudhry,Home Office, West,Peshawar,Furniture,Bookcases,Wall-Mount Bookcase,3,509.7,0.2,1529.1,440.33
ORD-10627,16/02/2024,22/02/2024,Same Day,Usman Raza,Home Office,South,Karachi,Technology,Accessories,Keyboard,8,558.42,0.2,4467.36,1272.87
ORD-11150,04/02/2024,07/02/2024,Second Class,HASSAN IQBAL,Corporate,west,Peshawar,Office Supplies,Storage,Storage Box,4,650.41,0,2601.64,51.94
ORD-10323,21/07/2024,23/07/2024,First Class,Fatima Farooq,Consumer,WEST,Peshawar,Furniture,Bookcases,5-Shelf Bookcase,12,183.7,0.2,2204.4,-63.87
ORD-10996,21/11/2024,28/11/2024,First Class,Adeel Malik,Home Office,West,Quetta,Office Supplies,Labels,Shipping Labels,10,239.88,0.3,2398.8,22.87
ORD-10631,21/03/2024,27/03/2024,Same Day,Zara Farooq,Consumer,north,Islamabad,Office Supplies,Storage,Storage Box,11,115.17,,1266.87,394.46
ORD-10921,20/08/2023,23/08/2023,,Bilal Raza,Home Office,SOUTH,,Technology,Copiers,Multifunction Copier,7,340.42,0,2382.94,332.86
ORD-10708,20/12/2024,26/12/2024,Same Day,Bilal Farooq,Consumer,West,Peshawar,Office Supplies,Binders,Hanging Binder,3,577.99,0,1733.97,232.53
ORD-10437,28/06/2023,03/07/2023,Standard Class,Omar Raza,Home Office,Nort,Lahore,Technology,Copiers,Desktop Copier,7,9.09,0,63.63,-3.44
ORD-10829,05/05/2023,07/05/2023,Same Day,Hassan Ansari,Consumer, South ,Karachi,Furniture,Furnishings,Wall Clock,8,130.18,0.3,1041.44,128.66
ORD-10902,04/07/2024,07/07/2024,First Class,Sara Raza,Home Office,WEST,Quetta,Office Supplies,Paper,Notebook,12,375.33,0,4503.96,1292.53
ORD-10341,25/11/2023,26/11/2023,Second Class,Zara Butt,Consumer,South,Karachi,Furniture,Chairs,Folding Chair,12,397.38,0,4768.56,-160.2
ORD-10002,15/04/2023,16/04/2023,First Class,Ali Farooq,Home Office,West,Peshawar,Office Supplies,Labels,Shipping Labels,9,116.72,0.1,1050.48,-116.18
ORD-10229,04/05/2024,05/05/2024,Second Class,Hassan Raza,Consumer,EAST,Sialkot,Furniture,Bookcases,Corner Bookcase,1,24.61,0.15,24.61,4.98
ORD-10696,27/02/2023,01/03/2023,Same Day,Hina Iqbal,Consumer,west,Quetta,Technology,Copiers,Multifunction Copier,7,152.52,0.3,1067.64,38.16
ORD-11197,23/02/2023,01/03/2023,Standard Class,Adeel Raza,Consumer,East,Gujranwala,Office Supplies,Art,Highlighter Pack,11,413.69,0,4550.59,-612.89
ORD-10076,19/05/2024,20/05/2024,Same Day,Kamran Ansari,Home Office,north,Rawalpindi,Furniture,Furnishings,Wall Clock,7,530.67,0.2,3714.69,-270.2
ORD-11145,22/08/2023,25/08/2023,Same Day,Mahnoor Iqbal,Consumer,EAST,Sialkot,Office Supplies,Storage,Storage Box,12,42.48,0.2,509.76,-66.43
ORD-10371,28/05/2024,31/05/2024,Second Class,Bilal Raza,Corporate,NORTH,Islamabad,Furniture,Bookcases,5-Shelf Bookcase,7,592.95,0,4150.65,892.16
ORD-10180,03/08/2023,07/08/2023,Same Day,Omar Sheikh,Consumer,EAST,Sialkot,Office Supplies,Art,Marker Set,5,594.5,0.2,2972.5,183
ORD-10800,01/06/2024,02/06/2024,,Faisal Sheikh,Corporate,EAST,Gujranwala,Technology,Machines,Label Maker,10,745.9,0,7459,2333.61
ORD-10577,10/12/2024,13/12/2024,Second Class,Ayesha Farooq,Corporate,CENTRAL,Faisalabad,Office Supplies,Storage,Storage Box,1,448.86,0,448.86,76.03
ORD-10791,11/11/2023,16/11/2023,Second Class,Sana Khan,Corporate,east,Sialkot,Office Supplies,Art,Marker Set,8,38.12,0,304.96,27.48
ORD-10816,30/06/2023,04/07/2023,First Class,Bilal Farooq,Corporate,EAST,Sialkot,Office Supplies,Art,Highlighter Pack,8,542.95,0.2,4343.6,-141.47
ORD-11061,25/01/2024,26/01/2024,Same Day,,Home Office,CENTRAL,Multan,Technology,Copiers,Multifunction Copier,6,23.54,0.15,141.24,22.29
ORD-11052,28/09/2023,03/10/2023,Second Class,Kamran Ansari,Consumer,west,Quetta,Technology,Accessories,USB Cable,9,292.42,0.3,2631.78,214.08
ORD-10697,04/10/2023,05/10/2023,Standard Class,Usman Chaudhry,Corporate,North,Islamabad,Technology,Accessories,USB Cable,3,489.7,0,1469.1,-64.71
ORD-10589,31/10/2024,05/11/2024,Same Day,Usman Ansari,Corporate, South ,Karachi,Furniture,Tables,Corner Table,10,708.45,0.3,7084.5,597.71
ORD-10831,16/01/2024,21/01/2024,Same Day,,Consumer,CENTRAL,Faisalabad,Office Supplies,Paper,Sticky Notes,9,645,0.1,5805,-842.24
ORD-10879,13/01/2024,19/01/2024,Same Day,Bilal Chaudhry,Consumer,south,Hyderabad,Technology,Machines,Label Maker,2,805.53,0,1611.06,223.62
ORD-10311,06/03/2024,09/03/2024,Standard Class,Kamran Qureshi,Corporate,,Islamabad,Furniture,Furnishings,Wall Clock,12,817.53,0.3,9810.36,1945.92
ORD-11051,23/10/2023,28/10/2023,Same Day,Fatima Raza,Corporate,central,Faisalabad,Office Supplies,Paper,Notebook,5,176.7,0,883.5,96.16
ORD-10037,07/01/2023,10/01/2023,Same Day,Usman Chaudhry,Home Office,east,Gujranwala,Technology,Machines,Label Maker,7,439.65,0.1,3077.55,55.6
ORD-10353,16/10/2024,17/10/2024,Second Class,Zara Ansari,Home Office,EAST,Gujranwala,Office Supplies,Binders,Hanging Binder,1,662.2,0.3,662.2,1.29
ORD-11137,05/05/2024,09/05/2024,Standard Class,Usman Butt,Consumer,central,Multan,Technology,Machines,Shredder,4,817.66,15,3270.64,913
ORD-10236,31/08/2024,05/09/2024,Same Day,Faisal Butt,Home Office,West,Peshawar,Technology,Machines,Shredder,1,95.63,0,95.63,32.25
ORD-11134,28/03/2023,04/04/2023,First Class,Faisal Sheikh,Corporate,south,Karachi,Furniture,Furnishings,Desk Lamp,12,732.28,0,8787.36,1817.65
ORD-11164,08/08/2024,09/08/2024,First Class,Fatima Ansari,Home Office, West,Peshawar,Technology,Machines,Shredder,5,264.91,0,1324.55,-121.97
ORD-10499,23/02/2024,26/02/2024,First Class,Ayesha Raza,Consumer,Central,Faisalabad,Technology,Accessories,Keyboard,9,384.28,0.2,3458.52,-92.78
ORD-10553,20/01/2023,21/01/2023,Standard Class,Mahnoor Farooq,Corporate,central,Multan,Office Supplies,Paper,Copy Paper A4,2,727.19,0.15,1454.38,14.86
ORD-10055,08/11/2023,14/11/2023,Second Class,Ali Iqbal,Home Office,WEST,Peshawar,Office Supplies,Binders,Hanging Binder,12,293.48,0,3521.76,-482.72
ORD-10302,10/05/2024,13/05/2024,First Class,Kamran Sheikh,Corporate,,Islamabad,Furniture,Chairs,Folding Chair,1,603.38,0.15,603.38,183.34
ORD-10286,07/06/2023,10/06/2023,Second Class,Sara Raza,Corporate,Central,Faisalabad,Office Supplies,Labels,Shipping Labels,9,201.87,0,1816.83,200.4
ORD-10863,19/02/2023,23/02/2023,First Class,Ali Qureshi,Consumer,East,Sialkot,Office Supplies,Art,Pen Set,11,335.52,0.1,3690.72,69.13
ORD-10219,18/06/2023,22/06/2023,First Class,Sana Chaudhry,Home Office,WEST,Peshawar,Furniture,Bookcases,5-Shelf Bookcase,8,242.18,0,1937.44,-203.02
ORD-10685,01/12/2024,05/12/2024,Standard Class,Omar Raza,Consumer, North,Lahore,Furniture,Tables,Round Conference Table,2,556.05,0,1112.1,33.64
ORD-10387,08/03/2023,11/03/2023,Standard Class,Rabia Iqbal,Home Office,west,Quetta,Technology,Accessories,Wireless Mouse,9,192.81,0,1735.29,270.75
ORD-10792,01/03/2023,06/03/2023,Same Day,  Sana Butt  ,Consumer,NORTH,Rawalpindi,Technology,Accessories,USB Cable,5,690.55,0,3452.75,-69.85
ORD-10390,29/02/2024,04/03/2024,First Class,  Fatima Chaudhry  ,Consumer,NORTH,Islamabad,Technology,Machines,Laser Printer,5,712.22,0,3561.1,0.51
ORD-10352,19/10/2024,26/10/2024,Standard Class,Adeel Malik,Corporate, West,Peshawar,Furniture,Bookcases,5-Shelf Bookcase,1,837.54,0,837.54,148.98
ORD-10193,31/10/2024,07/11/2024,First Class,Sara Farooq,Home Office,SOUTH,Karachi,Office Supplies,Storage,Filing Cabinet,2,699.19,0,1398.38,-63.01
ORD-10235,04/02/2023,07/02/2023,Standard Class,Hassan Iqbal,Corporate,NORTH,Islamabad,Furniture,Chairs,Folding Chair,3,660.13,0.15,1980.39,635.54
ORD-11049,10/02/2023,13/02/2023,Same Day,Tariq Qureshi,Corporate,east,Gujranwala,Office Supplies,Storage,Filing Cabinet,6,827.8,0.3,4966.8,1610.47
ORD-10480,25/07/2023,30/07/2023,Same Day,Mahnoor Qureshi,Corporate,West,Quetta,Office Supplies,Art,Pen Set,5,681.89,0.3,3409.45,586.14
ORD-10567,25/11/2024,26/11/2024,Same Day,Ali Raza,Corporate,CENTRAL,Faisalabad,Furniture,Furnishings,Floor Mat,7,760.69,0.1,5324.83,-69.13
ORD-10116,28/10/2023,31/10/2023,Same Day,  Sana Qureshi  ,Consumer,North,Islamabad,Technology,Accessories,Wireless Mouse,12,386.37,0.2,4636.44,333.61
ORD-10936,08/04/2023,09/04/2023,Same Day,sana farooq,Home Office,SOUTH,Hyderabad,Office Supplies,Binders,View Binder,10,777.75,0,7777.5,2489.57
ORD-10653,10/01/2023,16/01/2023,Second Class,Zara Khan,Home Office,central,Multan,Furniture,Furnishings,Floor Mat,12,577.08,0,6924.96,1410.97
ORD-11034,02/02/2024,05/02/2024,Same Day,Imran Khan,Corporate,SOUTH,Hyderabad,Technology,Copiers,Desktop Copier,8,291.07,0,2328.56,-51.48
ORD-11148,12/07/2023,17/07/2023,First Class,Bilal Iqbal,Corporate, North,Islamabad,Furniture,Tables,Round Conference Table,10,611.72,0.2,6117.2,-394.95
ORD-10570,03/10/2024,06/10/2024,Same Day,Ali Raza,Consumer,East,Sialkot,Office Supplies,Paper,Sticky Notes,9,715.73,0,6441.57,1532.29
ORD-10866,20/03/2023,23/03/2023,Same Day,Rabia Malik,Consumer,East,Sialkot,Technology,Phones,Office Desk Phone,6,835.06,0.2,5010.36,4.98
ORD-10120,24/09/2023,30/09/2023,Standard Class,Ayesha Butt,Home Office,west,Peshawar,Technology,Copiers,Desktop Copier,2,409.58,0.2,819.16,59.43
ORD-10882,07/05/2024,14/05/2024,Standard Class,Nida Ansari,Consumer,NORTH,Islamabad,Technology,Phones,Office Desk Phone,11,586.42,0.1,6450.62,1572.09
ORD-11058,29/12/2023,05/01/2024,Standard Class,Hassan Iqbal,Home Office,south,Karachi,Technology,Accessories,USB Cable,4,489.83,0,1959.32,641.16
ORD-10839,23/09/2024,28/09/2024,Standard Class,Sana Raza,Corporate, South ,Hyderabad,Furniture,Chairs,Mesh Task Chair,9,179.43,0.15,1614.87,8.39
ORD-10062,10/10/2023,17/10/2023,Same Day,Omar Qureshi,Home Office,WEST,Peshawar,Furniture,Bookcases,Corner Bookcase,10,899.02,0.1,8990.2,2540.9
ORD-11012,16/05/2023,20/05/2023,First Class,Usman Malik,Consumer,North,Lahore,Furniture,Chairs,Mesh Task Chair,6,875.23,0,5251.38,-574.61
ORD-10453,22/04/2023,24/04/2023,,Rabia Khan,Corporate,East,Sialkot,Office Supplies,Paper,Copy Paper A4,5,377.8,0.2,1889,228.04
ORD-10515,28/07/2024,01/08/2024,First Class,Kamran Malik,Home Office, West,Quetta,Technology,Machines,Laser Printer,4,782.01,0,3128.04,836.68
ORD-10570,03/10/2024,06/10/2024,Same Day,Ali Raza,Consumer,East,Sialkot,Office Supplies,Paper,Sticky Notes,9,715.73,0,6441.57,1532.29
ORD-10223,13/02/2023,17/02/2023,Second Class,Ahmed Iqbal,Corporate,north,Rawalpindi,Office Supplies,Art,Pen Set,11,386.86,0,4255.46,-181.46
ORD-10613,27/06/2023,02/07/2023,Second Class,SANA CHAUDHRY,Corporate,central,Multan,Technology,Phones,Office Desk Phone,3,650.9,0,1952.7,121.08
ORD-10221,19/02/2024,26/02/2024,Same Day,Ayesha Khan,Corporate,west,Quetta,Office Supplies,Binders,3-Ring Binder,1,748.18,0,748.18,-63.33
ORD-10724,26/09/2023,28/09/2023,Standard Class,Ayesha Farooq,Consumer,North,Islamabad,Office Supplies,Paper,Sticky Notes,1,375.3,0.1,375.3,123.7
ORD-10955,13/10/2024,18/10/2024,Second Class,Bilal Qureshi,Home Office,west,Quetta,Office Supplies,Binders,Hanging Binder,6,518.72,0.1,3112.32,632.37
ORD-10465,28/01/2023,04/02/2023,Standard Class,Omar Iqbal,Consumer,north,Islamabad,Office Supplies,Art,Marker Set,3,445.24,0.2,1335.72,230.27
ORD-10052,02/10/2024,04/10/2024,Same Day,Tariq Malik,Corporate,EAST,Sialkot,Furniture,Tables,Rectangular Desk,3,7.39,0.1,22.17,4.32
ORD-11135,11/06/2023,18/06/2023,Standard Class,Sana Chaudhry,Consumer,central,Faisalabad,Office Supplies,Paper,Notebook,6,237.9,0,1427.4,446.93
ORD-10485,17/03/2024,19/03/2024,Second Class,Imran Ansari,Home Office,EAST,Gujranwala,Office Supplies,Binders,Hanging Binder,11,487.76,,5365.36,471.91
ORD-11183,10/08/2024,13/08/2024,Second Class,Tariq Chaudhry,Home Office,West,Quetta,Furniture,Furnishings,Desk Lamp,5,241.82,0,1209.1,257.53
ORD-10992,21/02/2023,27/02/2023,Standard Class,Fatima Farooq,Corporate, North,Islamabad,Technology,Machines,Label Maker,10,637.12,0.1,6371.2,-38.02
ORD-10155,05/03/2024,10/03/2024,Standard Class,Sana Qureshi,Corporate,north,Lahore,Furniture,Chairs,Executive Leather Chair,11,634.44,0,6978.84,-192.85
ORD-10990,08/03/2023,10/03/2023,Same Day,Hina Qureshi,Home Office,central,Multan,Furniture,Chairs,Executive Leather Chair,2,144.84,0.2,289.68,96.41
ORD-10600,16/10/2024,22/10/2024,First Class,Nida Khan,Home Office, West,Peshawar,Technology,Copiers,Desktop Copier,1,229.29,0.2,229.29,70.75
ORD-10948,27/07/2024,31/07/2024,Standard Class,Kamran Malik,Home Office,Central,Faisalabad,Office Supplies,Paper,Copy Paper A4,12,252.1,0,3025.2,979.18
ORD-10248,17/07/2023,24/07/2023,Standard Class,Kamran Sheikh,Home Office,South,Karachi,Furniture,Furnishings,Desk Lamp,5,334.67,0.1,1673.35,171.62
ORD-10441,24/11/2024,27/11/2024,Same Day,Faisal Sheikh,Consumer,South,Hyderabad,Furniture,Chairs,Mesh Task Chair,7,802.77,0,5619.39,480.43
ORD-11125,04/01/2023,06/01/2023,Same Day,Ahmed Farooq,Corporate,NORTH,Rawalpindi,Technology,Copiers,Multifunction Copier,4,172.7,0.2,690.8,2.19
ORD-11138,05/07/2024,10/07/2024,Same Day,Zara Raza,Consumer,NORTH,Rawalpindi,Technology,Phones,Office Desk Phone,9,126.88,0,1141.92,-146.16
ORD-10542,07/07/2024,10/07/2024,Second Class,Hassan Khan,Corporate,South,Hyderabad,Technology,Accessories,Keyboard,1,801.84,0.15,801.84,117.27
ORD-10701,28/11/2024,04/12/2024,Same Day,Omar Raza,Consumer,south,Hyderabad,Office Supplies,Paper,Sticky Notes,10,771.08,0.1,7710.8,-1002.35
ORD-10117,28/12/2023,02/01/2024,Same Day,Rabia Butt,Consumer,WEST,Quetta,Furniture,Furnishings,Wall Clock,1,132.79,0.15,132.79,25.1
ORD-10779,14/03/2023,18/03/2023,Same Day,Ali Malik,Corporate,Central,Faisalabad,Furniture,Bookcases,Corner Bookcase,1,449.45,0,449.45,78.73
ORD-10628,12/07/2023,13/07/2023,Standard Class,Sana Sheikh,Corporate,East,Gujranwala,Furniture,Bookcases,Corner Bookcase,10,438.66,,4386.6,685.61
ORD-10767,02/03/2024,09/03/2024,Same Day,Mahnoor Iqbal,Consumer,west,Quetta,Office Supplies,Art,Marker Set,1,524.58,0,524.58,90.52
ORD-10995,04/09/2023,09/09/2023,Same Day,Sara Farooq,Consumer,NORTH,Islamabad,Furniture,Chairs,Executive Leather Chair,6,812.91,0,4877.46,780.02
ORD-10291,02/07/2023,09/07/2023,Same Day,Faisal Iqbal,Home Office,EAST,Sialkot,Technology,Machines,Label Maker,8,569.04,0.1,4552.32,37.34
ORD-11081,25/07/2024,30/07/2024,Second Class,Mahnoor Ansari,Consumer,EAST,Gujranwala,Technology,Machines,Shredder,11,254.67,0.15,2801.37,669.94
ORD-10381,03/04/2023,06/04/2023,Second Class,Ayesha Farooq,Corporate,EAST,Sialkot,Technology,Phones,Smartphone X200,11,329.83,0.15,3628.13,738.83
ORD-10752,04/10/2023,10/10/2023,Same Day,  Bilal Raza  ,Corporate,Central,Multan,Office Supplies,Paper,Notebook,8,32.66,0.15,261.28,57.61
ORD-10878,29/11/2023,04/12/2023,Second Class,Ahmed Qureshi,Corporate,south,Hyderabad,Technology,Phones,Office Desk Phone,11,353.46,0.15,3888.06,1095.34
ORD-10200,26/10/2024,28/10/2024,Second Class,Sara Malik,Home Office, North,Rawalpindi,Office Supplies,Paper,Sticky Notes,1,196.01,0,196.01,-16.4
ORD-10596,26/07/2023,27/07/2023,Standard Class,Rabia Raza,Home Office, South ,Karachi,Office Supplies,Labels,Address Labels,10,791.92,0.1,7919.2,644.21
ORD-11192,17/01/2023,19/01/2023,First Class,Adeel Chaudhry,Home Office,South,Hyderabad,Furniture,Tables,Corner Table,9,872.31,0.2,7850.79,-667.36
ORD-11180,01/08/2024,07/08/2024,Second Class,Tariq Chaudhry,Consumer,Central,Faisalabad,Furniture,Furnishings,Floor Mat,2,873.42,0,1746.84,-85.01
ORD-10596,26/07/2023,27/07/2023,Standard Class,Rabia Raza,Home Office, South ,Karachi,Office Supplies,Labels,Address Labels,10,791.92,0.1,7919.2,644.21
ORD-10101,25/03/2023,30/03/2023,Second Class,Adeel Malik,Home Office,SOUTH,Hyderabad,Technology,Copiers,Desktop Copier,5,505.24,0.2,2526.2,621.02
ORD-10950,06/07/2024,12/07/2024,Same Day,Kamran Qureshi,Home Office,CENTRAL,Multan,Technology,Phones,Cordless Phone,2,698.29,0,1396.58,219.16
ORD-10505,17/05/2023,20/05/2023,Second Class,Kamran Butt,Consumer,SOUTH,Hyderabad,Furniture,Chairs,Stacking Chair,7,789.37,0.3,5525.59,1614.42
ORD-10348,18/05/2023,21/05/2023,Same Day,Tariq Farooq,Corporate, North,Rawalpindi,Office Supplies,Labels,Shipping Labels,4,512.2,0.15,2048.8,48.83
ORD-10997,06/05/2024,09/05/2024,Same Day,Usman Qureshi,Corporate,WEST,Peshawar,Office Supplies,Labels,Address Labels,3,43.22,0,129.66,7.11
ORD-10321,11/08/2024,14/08/2024,Second Class,Sana Qureshi,Home Office, West,Peshawar,Furniture,Bookcases,Wall-Mount Bookcase,1,436.36,0,436.36,-50.72
ORD-10340,26/10/2024,01/11/2024,Same Day,Bilal Chaudhry,Consumer,CENTRAL,Faisalabad,Furniture,Chairs,Mesh Task Chair,2,575.02,0.15,1150.04,87.84
ORD-10615,08/05/2024,09/05/2024,Same Day,TARIQ BUTT,Home Office,,Quetta,Office Supplies,Labels,Address Labels,5,345.5,0,1727.5,132.67
ORD-10154,24/01/2023,27/01/2023,Standard Class,Kamran Butt,Home Office, West,Peshawar,Furniture,Tables,Corner Table,5,173.69,0.2,868.45,202.13
ORD-11146,21/02/2024,23/02/2024,Standard Class,Adeel Ansari,Consumer, South ,Hyderabad,Technology,Accessories,USB Cable,3,117.56,0,352.68,-5.68
ORD-10820,02/07/2024,06/07/2024,,Fatima Ansari,Home Office,SOUTH,Karachi,Office Supplies,Storage,Filing Cabinet,12,227.59,0,2731.08,-360.4
ORD-10077,12/04/2023,19/04/2023,First Class,Sana Farooq,Home Office, West,Peshawar,Furniture,Bookcases,5-Shelf Bookcase,4,770.63,0,3082.52,1049.49
ORD-10287,10/07/2024,15/07/2024,Same Day,Hina Raza,Home Office,West,Peshawar,Furniture,Tables,Coffee Table,5,200.51,0.3,1002.55,159.55
ORD-10322,19/12/2024,21/12/2024,First Class,Zara Sheikh,Consumer,east,Gujranwala,Technology,Phones,Cordless Phone,5,88.24,0.2,441.2,99
ORD-10886,29/10/2023,31/10/2023,First Class,Usman Khan,Corporate,south,Hyderabad,Office Supplies,Storage,Storage Bin,4,526.99,0,2107.96,299.58
ORD-10885,01/06/2023,06/06/2023,Same Day,Omar Chaudhry,Home Office,East,Sialkot,Office Supplies,Labels,Shipping Labels,12,146.68,0.2,1760.16,4.17
ORD-10858,15/12/2023,20/12/2023,Standard Class,Usman Butt,Corporate,Nort,Rawalpindi,Office Supplies,Binders,Hanging Binder,8,173.23,0,1385.84,1.34
ORD-10082,20/10/2024,21/10/2024,First Class,Sana Malik,Home Office, North,Islamabad,Office Supplies,Binders,View Binder,2,293.29,0,586.58,-68.72
ORD-10853,11/02/2023,13/02/2023,Second Class,NIDA QURESHI,Home Office,Central,Faisalabad,Office Supplies,Storage,Storage Bin,1,151.8,,151.8,47.24
ORD-10464,04/08/2024,11/08/2024,Same Day,Imran Khan,Consumer,south,Karachi,Office Supplies,Storage,Storage Bin,5,751.95,0,3759.75,364.88
ORD-10928,20/02/2023,24/02/2023,First Class,Bilal Chaudhry,Consumer,east,Gujranwala,Office Supplies,Art,Pen Set,1,72.01,0.2,72.01,9.21
ORD-11130,02/05/2024,08/05/2024,First Class,Fatima Iqbal,Consumer,EAST,Sialkot,Technology,Phones,Office Desk Phone,6,94.58,0.15,567.48,80.26
ORD-10240,20/08/2023,27/08/2023,Standard Class,Kamran Ansari,Corporate,EAST,Sialkot,Furniture,Chairs,Executive Leather Chair,7,873.78,0.15,6116.46,-221.68
ORD-10830,31/10/2023,01/11/2023,Second Class,Kamran Qureshi,Home Office,WEST,Peshawar,Technology,Accessories,Keyboard,11,153.52,0,1688.72,188.5
ORD-10333,22/10/2024,26/10/2024,Standard Class,Hassan Butt,Consumer,east,Gujranwala,Technology,Copiers,Multifunction Copier,1,116.91,0,116.91,21.16
ORD-10010,20/01/2023,21/01/2023,Second Class,Sara Farooq,Home Office,east,Sialkot,Furniture,Tables,Round Conference Table,2,880.3,0.15,1760.6,410.07
ORD-10738,23/02/2023,26/02/2023,Same Day,Hina Qureshi,Consumer,North,Lahore,Office Supplies,Binders,View Binder,7,246.57,0,1725.99,539.25
ORD-10470,12/08/2023,14/08/2023,First Class,Sana Malik,Home Office,central,Multan,Technology,Phones,Office Desk Phone,2,737.87,0,1475.74,132.46
ORD-10032,17/09/2024,24/09/2024,Standard Class,Nida Farooq,Corporate, North,Islamabad,Technology,Machines,Shredder,7,223.37,0.2,1563.59,303.04
ORD-10856,19/12/2023,20/12/2023,Same Day,Usman Malik,Corporate, West,Quetta,Office Supplies,Art,Pen Set,7,120.01,0.3,840.07,266.83
ORD-10413,09/05/2024,15/05/2024,Standard Class,Rabia Chaudhry,Consumer,East,Gujranwala,Technology,Phones,Smartphone X200,8,467.67,0.15,3741.36,1103.54
ORD-10580,20/07/2023,21/07/2023,First Class,ayesha raza,Home Office,SOUTH,Karachi,Furniture,Tables,Corner Table,4,278.04,0,1112.16,38.73
ORD-10382,17/07/2024,21/07/2024,Same Day,Bilal Butt,Corporate,north,Islamabad,Technology,Machines,Laser Printer,12,50.92,0,611.04,2.91
ORD-10889,21/07/2023,24/07/2023,First Class,Fatima Raza,Home Office, West,Quetta,Technology,Machines,Shredder,11,34.39,0.2,378.29,-38.05
ORD-10818,13/10/2024,20/10/2024,First Class,Hassan Ansari,Consumer,NORTH,Islamabad,Office Supplies,Paper,Notebook,4,702.7,0,2810.8,910.53
ORD-10344,12/11/2024,14/11/2024,Second Class,Ali Ansari,Corporate, West,Peshawar,Office Supplies,Paper,Notebook,9,114.32,0.1,1028.88,174.15
ORD-10903,24/07/2023,29/07/2023,Standard Class,Tariq Ansari,Home Office, North,Lahore,Office Supplies,Labels,Shipping Labels,5,622.17,0,3110.85,734.32
ORD-11182,15/04/2023,16/04/2023,Same Day,Faisal Sheikh,Home Office,central,Multan,Office Supplies,Binders,3-Ring Binder,9,881.69,,7935.21,-665.14
ORD-10378,08/08/2024,13/08/2024,Same Day,Usman Ansari,Home Office,Central,Multan,Office Supplies,Art,Marker Set,9,359.07,,3231.63,-421.32
ORD-10089,27/06/2024,29/06/2024,Standard Class,Omar Raza,Home Office, West,Peshawar,Office Supplies,Paper,Sticky Notes,10,538.62,0,5386.2,-388.94
ORD-10924,10/07/2023,13/07/2023,Standard Class,Hina Ansari,Home Office,,Gujranwala,Technology,Phones,Cordless Phone,5,61.49,0,307.45,19.45
ORD-10601,20/04/2024,24/04/2024,Standard Class,Sana Butt,Home Office,West,Quetta,Technology,Machines,Shredder,8,739.28,0.3,5914.24,-409.96
ORD-10213,24/11/2023,27/11/2023,First Class,Usman Ansari,Corporate,Nort,Islamabad,Furniture,Chairs,Mesh Task Chair,1,858.9,0,858.9,247.79
ORD-10332,08/10/2024,10/10/2024,First Class,Sara Butt,Home Office,SOUTH,Hyderabad,Technology,Copiers,Desktop Copier,6,209.26,0,1255.56,221.61
ORD-10133,10/04/2023,14/04/2023,Same Day,Rabia Khan,Home Office,east,Gujranwala,Furniture,Tables,Corner Table,1,39.83,0.2,39.83,0.66
ORD-10346,18/08/2024,25/08/2024,Standard Class,Imran Malik,Corporate,west,Peshawar,Furniture,Tables,Rectangular Desk,11,558.69,0.3,6145.59,999.06
ORD-10926,07/06/2024,09/06/2024,First Class,adeel butt,Home Office,south,Karachi,Furniture,Bookcases,Corner Bookcase,10,774.63,0.15,7746.3,-979.93
ORD-10007,13/08/2023,15/08/2023,Same Day,Hassan Iqbal,Home Office,Centeral,Multan,Furniture,Chairs,Mesh Task Chair,10,61.86,0.1,618.6,91.52
ORD-10907,12/06/2023,19/06/2023,First Class,Faisal Chaudhry,Consumer,Central,Faisalabad,Technology,Machines,Laser Printer,8,408.9,0.2,3271.2,-241.73
ORD-10320,18/02/2024,23/02/2024,First Class,Tariq Malik,Home Office,NORTH,Lahore,Office Supplies,Labels,Address Labels,9,268.36,0,2415.24,607.36
ORD-11084,07/05/2024,13/05/2024,Standard Class,Bilal Iqbal,Corporate,NORTH,Lahore,Office Supplies,Art,Pen Set,8,880.63,0,7045.04,2245.94
ORD-10187,15/04/2023,22/04/2023,First Class,Ayesha Chaudhry,Home Office,central,Faisalabad,Office Supplies,Paper,Sticky Notes,11,777.06,0.15,8547.66,2846.01
ORD-10634,09/03/2024,12/03/2024,First Class,Nida Khan,Consumer,EAST,Sialkot,Technology,Machines,Laser Printer,9,767.86,0,6910.74,
ORD-10552,25/12/2024,26/12/2024,Same Day,Adeel Ansari,Home Office,CENTRAL,Multan,Technology,Phones,Smartphone X200,10,683.07,0.15,6830.7,757.37
ORD-10304,23/01/2024,26/01/2024,Standard Class,Nida Raza,Home Office,Central,Faisalabad,Office Supplies,Paper,Notebook,6,440.74,0.1,2644.44,776.37
ORD-10031,29/04/2024,06/05/2024,Second Class,Usman Chaudhry,Corporate,South,Hyderabad,Technology,Accessories,USB Cable,4,726.87,0,2907.48,-400.61
ORD-10899,06/01/2023,13/01/2023,First Class,Zara Khan,Corporate,West,Peshawar,Office Supplies,Paper,Sticky Notes,12,185.98,0.2,2231.76,464.96
ORD-10684,15/02/2023,16/02/2023,First Class,Ahmed Sheikh,Consumer,CENTRAL,Multan,Technology,Copiers,Desktop Copier,1,207.87,0.1,207.87,-15.86
ORD-11106,21/08/2023,28/08/2023,First Class,Ali Khan,Home Office, West,Peshawar,Office Supplies,Storage,Storage Box,8,173.33,0.15,1386.64,38.42
ORD-10240,20/08/2023,27/08/2023,Standard Class,Kamran Ansari,Corporate,EAST,Sialkot,Furniture,Chairs,Executive Leather Chair,7,873.78,0.15,6116.46,-221.68
ORD-10067,11/12/2024,14/12/2024,Second Class,Kamran Iqbal,Consumer,North,Islamabad,Furniture,Bookcases,Wall-Mount Bookcase,3,223.56,0.1,670.68,89.18
ORD-10174,04/01/2024,11/01/2024,First Class,sana ansari,Home Office,East,Sialkot,Furniture,Tables,Corner Table,9,463.63,0,4172.67,-571.11
ORD-10766,17/12/2024,22/12/2024,Standard Class,Ayesha Qureshi,Corporate, South ,Hyderabad,Office Supplies,Storage,Storage Bin,8,333.77,0,2670.16,121.74
ORD-10838,27/07/2024,31/07/2024,Same Day,Hassan Khan,Consumer,WEST,Quetta,Technology,Copiers,Multifunction Copier,6,770.56,0.3,4623.36,855.41
ORD-10245,26/06/2023,29/06/2023,Standard Class,Usman Khan,Corporate,west,Peshawar,Furniture,Furnishings,Wall Clock,12,430.32,0,5163.84,1541.49
ORD-10056,12/08/2024,17/08/2024,Same Day,Rabia Farooq,Consumer,NORTH,Rawalpindi,Furniture,Tables,Corner Table,5,167.43,0.15,837.15,56.88
ORD-10630,31/03/2023,03/04/2023,Standard Class,Tariq Sheikh,Consumer,Centeral,Multan,Office Supplies,Binders,View Binder,-4,194.42,0.3,777.68,250.49
ORD-10583,25/03/2023,01/04/2023,Same Day,Imran Ansari,Home Office,West,Quetta,Technology,Copiers,Multifunction Copier,8,165.2,0.2,1321.6,48.82
ORD-11064,01/04/2024,05/04/2024,Second Class,Kamran Chaudhry,Consumer, North,Islamabad,Office Supplies,Paper,Sticky Notes,8,146.5,0,1172,324.44
ORD-10145,17/07/2023,24/07/2023,Second Class,Hassan Khan,Consumer,NORTH,Lahore,Technology,Copiers,Multifunction Copier,12,306.72,0,3680.64,492.8
ORD-10090,25/03/2023,28/03/2023,,Zara Sheikh,Home Office, West,Peshawar,Technology,Copiers,Multifunction Copier,9,106.87,0.1,961.83,-90.95
ORD-11156,08/04/2023,12/04/2023,Second Class,Ahmed Khan,Home Office,Centeral,Multan,Furniture,Tables,Rectangular Desk,10,100.54,0.3,1005.4,57.82
ORD-10392,20/05/2023,24/05/2023,Standard Class,Ali Ansari,Consumer, South ,Hyderabad,Office Supplies,Art,Highlighter Pack,5,510.62,0.2,2553.1,19.79
ORD-10920,19/05/2024,25/05/2024,Standard Class,Usman Malik,Consumer,central,Multan,Furniture,Tables,Rectangular Desk,12,89.84,0.1,1078.08,-9.54
ORD-10682,12/09/2023,19/09/2023,Second Class,Ayesha Ansari,Consumer,NORTH,,Technology,Phones,Smartphone X200,12,737.34,0.3,8848.08,1802.6
ORD-10310,09/04/2023,11/04/2023,Same Day,Bilal Qureshi,Home Office,West,Quetta,Furniture,Furnishings,Floor Mat,9,745.63,0.3,6710.67,1270.19
ORD-10359,05/04/2023,10/04/2023,,Hassan Farooq,Consumer,west,Quetta,Technology,Accessories,Wireless Mouse,12,634.05,0.3,7608.6,2311.7
ORD-10093,20/01/2023,24/01/2023,Same Day,Faisal Chaudhry,Home Office,NORTH,Rawalpindi,Office Supplies,Labels,Shipping Labels,2,367.5,0,735,-47.09
ORD-11038,01/08/2024,05/08/2024,Standard Class,Rabia Farooq,Corporate,Central,Faisalabad,Technology,Phones,Cordless Phone,3,812.52,0,2437.56,674.66
ORD-11063,06/09/2024,10/09/2024,Same Day,Ahmed Iqbal,Home Office,Nort,Lahore,Technology,Phones,Office Desk Phone,10,313.94,0.1,3139.4,-438.74
ORD-10376,01/02/2024,05/02/2024,Second Class,Faisal Khan,Consumer,west,Quetta,Furniture,Tables,Round Conference Table,5,855.43,0,4277.15,946.03
ORD-10243,10/03/2023,11/03/2023,Second Class,Ahmed Qureshi,Consumer, West,Peshawar,Office Supplies,Labels,Shipping Labels,10,472.69,0.1,4726.9,-443.1
ORD-11118,04/08/2023,10/08/2023,First Class,  Sana Butt  ,Corporate,North,Islamabad,Furniture,Bookcases,5-Shelf Bookcase,3,653.26,0.3,1959.78,-173.2
ORD-10087,23/07/2024,26/07/2024,First Class,Adeel Qureshi,Consumer,NORTH,Rawalpindi,Furniture,Furnishings,Floor Mat,11,580.22,0,6382.42,
ORD-10214,02/12/2023,03/12/2023,Same Day,Mahnoor Chaudhry,Consumer,,Multan,Office Supplies,Paper,Sticky Notes,12,562.33,0.1,6747.96,230.35
ORD-10444,20/07/2024,27/07/2024,Second Class,Mahnoor Farooq,Consumer,South,Hyderabad,Technology,Copiers,Desktop Copier,8,254.86,0.2,2038.88,130.6
ORD-10173,25/09/2024,28/09/2024,First Class,Bilal Iqbal,Corporate,South,Karachi,Office Supplies,Paper,Sticky Notes,6,327.83,0,1966.98,-289.94
ORD-10865,10/02/2024,12/02/2024,Same Day,Faisal Chaudhry,Consumer,South,Karachi,Furniture,Tables,Corner Table,6,874.81,0.2,5248.86,832.58
ORD-10425,15/06/2023,22/06/2023,Second Class,Ali Chaudhry,Home Office,NORTH,Lahore,Office Supplies,Art,Pen Set,5,164.25,0,821.25,78.73
ORD-11080,09/05/2024,16/05/2024,First Class,Sara Farooq,Home Office,north,Islamabad,Furniture,Furnishings,Desk Lamp,6,557.03,0,3342.18,920.09
ORD-10118,10/05/2023,11/05/2023,Standard Class,Adeel Butt,Home Office,SOUTH,Hyderabad,Office Supplies,Labels,Address Labels,11,407.68,0,4484.48,161.47
ORD-10119,21/05/2023,26/05/2023,Standard Class,Ayesha Khan,Corporate,east,Gujranwala,Technology,Accessories,USB Cable,12,171.51,0.15,2058.12,89.52
ORD-10986,16/09/2023,18/09/2023,First Class,  Ali Sheikh  ,Consumer,CENTRAL,Multan,Office Supplies,Storage,Storage Box,12,279.44,0.1,3353.28,1167.2
ORD-10939,15/02/2024,22/02/2024,First Class,Adeel Ansari,Consumer,East,Gujranwala,Furniture,Bookcases,Wall-Mount Bookcase,12,725.61,0,8707.32,71.98
ORD-10000,16/10/2024,17/10/2024,Second Class,Tariq Malik,Home Office,NORTH,Lahore,Furniture,Tables,Round Conference Table,10,382.62,0,3826.2,-394.68
ORD-10394,01/09/2024,02/09/2024,First Class,Faisal Malik,Consumer,EAST,Gujranwala,Technology,Phones,Office Desk Phone,8,789.96,0,6319.68,480
ORD-10401,31/12/2023,03/01/2024,Same Day,Sara Farooq,Corporate,East,Sialkot,Office Supplies,Labels,Address Labels,2,412.75,0.2,825.5,142.16
ORD-10404,29/06/2024,03/07/2024,Same Day,Hassan Farooq,Corporate, West,Quetta,Technology,Machines,Shredder,7,64.12,0,448.84,115.33
ORD-10905,10/09/2024,16/09/2024,First Class,Nida Farooq,Consumer,north,Lahore,Technology,Copiers,Multifunction Copier,1,749.35,0,749.35,229.67
ORD-10918,28/05/2023,01/06/2023,Standard Class,Ayesha Khan,Consumer,Nort,Islamabad,Technology,Machines,Laser Printer,6,807.98,0,4847.88,290.59
ORD-10162,09/06/2024,13/06/2024,Standard Class,Hina Iqbal,Corporate,West,Peshawar,Office Supplies,Paper,Sticky Notes,1,508.46,0,508.46,112.18
ORD-10832,03/06/2023,07/06/2023,Second Class,Ayesha Ansari,Consumer,North,Islamabad,Technology,Machines,Laser Printer,8,301.28,0,2410.24,391.63
ORD-10114,12/02/2024,19/02/2024,Same Day,Kamran Khan,Corporate,Centeral,Faisalabad,Furniture,Tables,Coffee Table,11,302.07,0,3322.77,829.6
ORD-10670,18/05/2024,21/05/2024,First Class,Hina Raza,Consumer,east,Sialkot,Furniture,Chairs,Mesh Task Chair,12,729.98,0.2,8759.76,2097.12
ORD-10150,03/07/2024,05/07/2024,Same Day,Sara Ansari,Corporate,,Hyderabad,Furniture,Tables,Corner Table,8,728.78,0.1,5830.24,-489.9
ORD-10861,12/05/2024,18/05/2024,First Class,,Home Office, West,Quetta,Office Supplies,Art,Pen Set,8,454.35,0.3,3634.8,315.4
ORD-11053,26/10/2023,01/11/2023,First Class,Usman Iqbal,Consumer,south,Hyderabad,Furniture,Furnishings,Wall Clock,8,646.75,0.15,5174,411.54
ORD-10561,04/08/2023,09/08/2023,Same Day,Sana Chaudhry,Home Office,CENTRAL,Faisalabad,Technology,Accessories,Keyboard,4,597.74,0,2390.96,49.77
ORD-10368,18/10/2023,20/10/2023,Standard Class,Nida Chaudhry,Consumer,CENTRAL,Multan,Office Supplies,Binders,3-Ring Binder,11,767.61,0.2,8443.71,254.24
ORD-10543,08/03/2024,13/03/2024,Standard Class,Ayesha Khan,Corporate,North,Islamabad,Office Supplies,Labels,Shipping Labels,11,847.5,0.1,9322.5,-9.5
ORD-10477,20/05/2023,24/05/2023,First Class,HINA FAROOQ,Home Office,EAST,Gujranwala,Technology,Phones,Smartphone X200,2,349.38,0.1,698.76,104.95
ORD-11171,28/03/2024,30/03/2024,Standard Class,Adeel Raza,Corporate,SOUTH,Karachi,Technology,Machines,Label Maker,11,223.35,0.15,2456.85,-198.36
ORD-10532,02/12/2024,05/12/2024,Standard Class,Kamran Farooq,Home Office,Centeral,Multan,Office Supplies,Art,Pen Set,3,561.55,0,1684.65,329.09
ORD-10625,08/01/2023,14/01/2023,Same Day,ADEEL ANSARI,Corporate,Central,Multan,Furniture,Chairs,Stacking Chair,5,839.25,0.1,4196.25,958.66
ORD-10692,27/01/2023,02/02/2023,Second Class,Mahnoor Malik,Corporate,WEST,Quetta,Technology,Phones,Cordless Phone,8,754.51,0.3,6036.08,-428.04
ORD-10512,16/05/2023,17/05/2023,First Class,Hina Khan,Corporate,EAST,Gujranwala,Furniture,Bookcases,5-Shelf Bookcase,3,451.79,0.3,1355.37,-12.88
ORD-11097,19/10/2023,22/10/2023,Second Class,Faisal Farooq,Corporate, North,Rawalpindi,Technology,Phones,Office Desk Phone,10,516.85,0,5168.5,1382.06
ORD-10072,09/01/2024,15/01/2024,First Class,Fatima Butt,Consumer,South,Hyderabad,Office Supplies,Art,Marker Set,9,789.43,0,7104.87,820.09
ORD-10982,17/06/2023,21/06/2023,Second Class,Tariq Farooq,Consumer,Nort,Rawalpindi,Office Supplies,Paper,Notebook,12,885.06,0.2,10620.72,2910.05
ORD-10807,15/06/2024,18/06/2024,,Ayesha Chaudhry,Corporate,CENTRAL,Multan,Office Supplies,Storage,Storage Box,5,440.54,0,2202.7,644.67
ORD-10258,20/11/2023,27/11/2023,Second Class,Ali Khan,Corporate,South,Hyderabad,Office Supplies,Paper,Sticky Notes,8,249.81,0.3,1998.48,473.18
ORD-10624,28/10/2023,29/10/2023,Standard Class,Mahnoor Sheikh,Corporate,West,Peshawar,Furniture,Bookcases,5-Shelf Bookcase,8,439.25,0.3,3514,-349.98
ORD-10826,07/10/2024,08/10/2024,Second Class,Usman Malik,Consumer,Nort,Lahore,Furniture,Furnishings,Floor Mat,3,365.86,0.3,1097.58,95.22
ORD-10234,05/03/2024,07/03/2024,,,Consumer, West,Peshawar,Office Supplies,Labels,Shipping Labels,10,587.62,0.2,5876.2,-218.65
ORD-10135,30/07/2024,02/08/2024,Same Day,Mahnoor Chaudhry,Corporate,West,Peshawar,Office Supplies,Binders,View Binder,12,785.53,0.2,9426.36,-1288.36
ORD-10616,12/09/2024,16/09/2024,First Class,Bilal Sheikh,Corporate,NORTH,Lahore,Technology,Copiers,Desktop Copier,1,16.49,0.15,16.49,3.55
ORD-10516,10/11/2024,15/11/2024,Standard Class,Imran Malik,Corporate,South,Karachi,Office Supplies,Binders,3-Ring Binder,6,28.24,0.2,169.44,57.72
ORD-11018,09/09/2024,15/09/2024,First Class,Nida Malik,Home Office,Centeral,Multan,Furniture,Chairs,Executive Leather Chair,12,840.11,0,10081.32,-503.35
ORD-10836,01/01/2023,04/01/2023,Same Day,Imran Raza,Corporate,North,Lahore,Technology,Copiers,Multifunction Copier,5,452.84,0,2264.2,-67.05
ORD-10842,01/07/2023,08/07/2023,Second Class,,Home Office,South,Hyderabad,Furniture,Chairs,Stacking Chair,2,772.81,0,1545.62,528.14
ORD-10802,09/04/2024,10/04/2024,Standard Class,Ayesha Butt,Consumer,South,Hyderabad,Office Supplies,Labels,Shipping Labels,1,751.3,0,751.3,146.52
ORD-10851,19/12/2024,20/12/2024,Second Class,Hina Malik,Consumer,East,Sialkot,Office Supplies,Art,Pen Set,3,822.27,0,2466.81,-169.29
ORD-10809,04/07/2024,11/07/2024,Same Day,Omar Qureshi,Corporate,South,Hyderabad,Furniture,Bookcases,5-Shelf Bookcase,7,660.22,0.15,4621.54,-401.66
ORD-10592,07/06/2023,10/06/2023,Same Day,Tariq Iqbal,Home Office,Centeral,Faisalabad,Furniture,Furnishings,Desk Lamp,4,429.93,0,1719.72,231.75
ORD-10820,02/07/2024,06/07/2024,Standard Class,Fatima Ansari,Home Office,,Karachi,Office Supplies,Storage,Filing Cabinet,12,227.59,0,2731.08,-360.4
ORD-10501,05/05/2023,10/05/2023,Same Day,Omar Malik,Home Office,,Hyderabad,Furniture,Furnishings,Wall Clock,4,271.19,0.3,1084.76,320.14
ORD-10538,30/09/2023,03/10/2023,First Class,Bilal Iqbal,Consumer,WEST,Quetta,Furniture,Furnishings,Desk Lamp,7,826.63,0.1,5786.41,1885.91
ORD-11163,02/12/2024,06/12/2024,Second Class,,Corporate,NORTH,Rawalpindi,Furniture,Chairs,Mesh Task Chair,6,323.44,0.3,1940.64,125.94
ORD-10728,22/05/2024,26/05/2024,Second Class,Zara Iqbal,Consumer,Centeral,Multan,Office Supplies,Paper,Copy Paper A4,2,527.37,0.3,1054.74,151.66
ORD-10581,25/06/2023,30/06/2023,Same Day,Fatima Sheikh,Home Office,Centeral,Multan,Furniture,Tables,Rectangular Desk,9,343.48,0,3091.32,27.75
ORD-10343,10/07/2024,14/07/2024,Standard Class,Usman Iqbal,Home Office,south,Hyderabad,Office Supplies,Binders,3-Ring Binder,8,226.21,0,1809.68,-91.23
ORD-11072,29/04/2023,04/05/2023,Second Class,Hina Farooq,Corporate, West,Peshawar,Office Supplies,Storage,Storage Box,4,676.53,0,2706.12,183.39
ORD-10981,04/06/2023,06/06/2023,Second Class,Sana Farooq,Consumer,East,Gujranwala,Technology,Accessories,Keyboard,6,634.72,0,3808.32,6.17
ORD-10293,24/03/2024,28/03/2024,First Class,Nida Ansari,Consumer,West,Peshawar,Furniture,Tables,Rectangular Desk,5,864.32,0,4321.6,-4.2
ORD-10364,15/03/2023,18/03/2023,First Class,KAMRAN RAZA,Consumer,WEST,Quetta,Furniture,Furnishings,Wall Clock,4,292.06,0.15,1168.24,207.6
ORD-10925,10/05/2023,11/05/2023,Second Class,Kamran Chaudhry,Corporate, South ,Karachi,Furniture,Bookcases,5-Shelf Bookcase,8,395.37,0,3162.96,1053.73
ORD-10659,03/11/2023,07/11/2023,Standard Class,Omar Ansari,Corporate,east,Sialkot,Furniture,Furnishings,Desk Lamp,1,842.2,0.15,842.2,230.91
ORD-10014,25/02/2023,03/03/2023,First Class,,Corporate,North,Islamabad,Technology,Accessories,USB Cable,4,484.98,0,1939.92,118.22
ORD-10686,11/09/2024,13/09/2024,First Class,Faisal Butt,Consumer, South ,Hyderabad,Technology,Machines,Shredder,11,620.01,0.15,6820.11,1764.92
ORD-10086,29/12/2023,05/01/2024,Standard Class,  Ayesha Qureshi  ,Corporate,West,Peshawar,Technology,Accessories,Wireless Mouse,9,195.4,0.2,1758.6,160.2
ORD-10370,30/12/2024,31/12/2024,First Class,Nida Butt,Consumer,north,Rawalpindi,Office Supplies,Storage,Filing Cabinet,1,315.37,0,315.37,8.73
ORD-10165,04/02/2023,11/02/2023,First Class,Usman Malik,Consumer,North,Lahore,Office Supplies,Paper,Notebook,12,140.17,0,1682.04,173.03
ORD-10131,21/02/2023,24/02/2023,Standard Class,Faisal Butt,Corporate, West,Peshawar,Technology,Phones,Smartphone X200,5,656.12,0.3,3280.6,169.37
ORD-10335,01/11/2024,05/11/2024,First Class,Bilal Butt,Corporate,East,Sialkot,Technology,Accessories,Wireless Mouse,9,755.47,0,6799.23,-900.37
ORD-10059,28/03/2024,04/04/2024,Second Class,Sana Farooq,Home Office,north,Islamabad,Technology,Machines,Label Maker,2,30.84,0.2,61.68,9.53
ORD-10709,06/01/2024,13/01/2024,First Class,Faisal Chaudhry,Corporate, West,Quetta,Furniture,Tables,Round Conference Table,5,573.94,0,2869.7,-227.08
ORD-10959,20/10/2024,22/10/2024,Standard Class,Faisal Iqbal,Corporate,east,Sialkot,Office Supplies,Paper,Sticky Notes,7,342.47,0.1,2397.29,-331.02
ORD-10676,30/06/2024,02/07/2024,First Class,Ali Sheikh,Corporate,East,Sialkot,Office Supplies,Paper,Sticky Notes,4,483.46,0,1933.84,337.11
ORD-10354,10/04/2023,11/04/2023,First Class,Tariq Ansari,Home Office, South ,Karachi,Furniture,Tables,Rectangular Desk,7,672.77,0.3,4709.39,797.36
ORD-10780,07/11/2023,14/11/2023,Second Class,Ahmed Ansari,Corporate,South,Karachi,Furniture,Tables,Corner Table,8,51.67,0.3,413.36,15.96
ORD-10424,13/12/2024,15/12/2024,First Class,Sana Chaudhry,Corporate,east,Gujranwala,Technology,Phones,Cordless Phone,7,624.54,0.2,4371.78,1027.11
ORD-10292,02/05/2023,07/05/2023,Standard Class,Sara Raza,Corporate,Nort,Lahore,Technology,Phones,Cordless Phone,9,99.99,0.3,899.91,173.63
ORD-10041,20/09/2023,27/09/2023,Second Class,Mahnoor Khan,Consumer,East,Sialkot,Furniture,Bookcases,5-Shelf Bookcase,5,520.34,0.1,2601.7,125.73
ORD-10358,07/12/2024,14/12/2024,First Class,Kamran Butt,Corporate,EAST,Sialkot,Furniture,Chairs,Stacking Chair,3,242.16,0.15,726.48,-18.21
ORD-10329,10/01/2023,12/01/2023,Second Class,Omar Chaudhry,Consumer, West,Quetta,Technology,Accessories,Wireless Mouse,9,773.36,0,6960.24,342.45
ORD-10614,20/10/2023,25/10/2023,Same Day,Nida Iqbal,Consumer,,Peshawar,Office Supplies,Binders,View Binder,3,426.29,0.1,1278.87,131.27
ORD-10429,26/02/2023,04/03/2023,First Class,Omar Sheikh,Home Office,NORTH,Rawalpindi,Office Supplies,Binders,View Binder,3,501.26,0.1,1503.78,271.23
ORD-10079,09/05/2023,16/05/2023,Standard Class,Fatima Sheikh,Corporate,central,Multan,Technology,Machines,Shredder,6,698.06,0.3,4188.36,1257.62
ORD-10693,25/05/2023,26/05/2023,First Class,Hassan Farooq,Corporate,South,Karachi,Technology,Copiers,Desktop Copier,12,130.4,0.15,1564.8,311.84
ORD-10028,15/02/2023,21/02/2023,First Class,Hina Qureshi,Home Office,West,Quetta,Office Supplies,Art,Marker Set,6,598.73,0,3592.38,753.96
ORD-10707,24/04/2024,30/04/2024,Same Day,Nida Iqbal,Consumer,Centeral,Multan,Furniture,Tables,Round Conference Table,4,364.36,0,1457.44,12.6
ORD-10892,18/08/2024,22/08/2024,Second Class,Imran Malik,Home Office,West,Quetta,Office Supplies,Binders,3-Ring Binder,8,79.63,0,637.04,-63.74
ORD-10974,14/09/2023,17/09/2023,Same Day,Usman Butt,Corporate, West,,Office Supplies,Labels,Shipping Labels,5,575.2,0,2876,953.45
ORD-10968,05/05/2024,06/05/2024,Same Day,Sara Sheikh,Home Office,north,Lahore,Office Supplies,Paper,Copy Paper A4,7,555.71,0.1,3889.97,852.58
ORD-10890,10/03/2023,13/03/2023,Second Class,Usman Chaudhry,Home Office,Central,Multan,Office Supplies,Labels,Address Labels,12,168.5,0.2,2022,563.66
ORD-10254,24/05/2024,27/05/2024,Same Day,Mahnoor Sheikh,Home Office,east,Gujranwala,Office Supplies,Binders,Hanging Binder,6,655.26,0,3931.56,759.42
ORD-10160,15/07/2023,16/07/2023,Second Class,Imran Sheikh,Home Office,east,Sialkot,Furniture,Tables,Rectangular Desk,6,276.35,0,1658.1,-73.12
ORD-10458,19/02/2024,23/02/2024,Second Class,Omar Farooq,Home Office, South ,Hyderabad,Furniture,Chairs,Folding Chair,5,872.8,0.3,4364,1485.27
ORD-10383,03/10/2024,05/10/2024,Same Day,Sana Farooq,Consumer,north,Lahore,Furniture,Bookcases,5-Shelf Bookcase,8,491.43,0,3931.44,605.41
ORD-10313,08/01/2023,12/01/2023,First Class,Faisal Qureshi,Home Office,SOUTH,Hyderabad,Office Supplies,Binders,3-Ring Binder,5,238.87,0.15,1194.35,73.79
ORD-10084,07/04/2024,09/04/2024,Second Class,Ayesha Raza,Home Office,,Peshawar,Office Supplies,Art,Highlighter Pack,7,284.71,0,1992.97,74.04
ORD-10574,18/07/2023,23/07/2023,Second Class,Adeel Farooq,Corporate,SOUTH,Hyderabad,Office Supplies,Art,Highlighter Pack,3,222.62,0.3,667.86,-85.46
ORD-10762,28/03/2023,29/03/2023,Standard Class,Omar Qureshi,Home Office,EAST,Sialkot,Office Supplies,Labels,Address Labels,8,623.08,0.3,4984.64,-596
ORD-10136,02/11/2024,09/11/2024,Standard Class,Rabia Qureshi,Consumer,central,Multan,Technology,Copiers,Desktop Copier,7,137.26,0.2,960.82,-27.77
ORD-10111,22/06/2024,27/06/2024,First Class,,Consumer,Central,Faisalabad,Office Supplies,Binders,Hanging Binder,5,673.85,0,3369.25,822.97
ORD-10194,16/09/2024,22/09/2024,First Class,Mahnoor Raza,Corporate,west,Quetta,Furniture,Tables,Round Conference Table,9,256.57,0.15,2309.13,-151.97
ORD-10852,25/03/2024,01/04/2024,Same Day,Usman Chaudhry,Corporate,Centeral,Faisalabad,Technology,Copiers,Multifunction Copier,12,339.03,0,4068.36,371.36
ORD-10178,09/12/2023,13/12/2023,Same Day,,Home Office,central,Faisalabad,Office Supplies,Labels,Address Labels,3,868.29,0,2604.87,-11.14
ORD-10555,19/09/2023,26/09/2023,Standard Class,Adeel Raza,Corporate,north,Islamabad,Office Supplies,Paper,Copy Paper A4,-3,29.32,0,87.96,-0.09
ORD-10723,23/01/2024,30/01/2024,Second Class,Ahmed Qureshi,Corporate,EAST,Sialkot,Office Supplies,Binders,3-Ring Binder,2,104.28,0.15,208.56,-18.49
ORD-10859,29/01/2024,04/02/2024,Same Day,Imran Khan,Home Office, South ,,Office Supplies,Storage,Filing Cabinet,5,862.87,0.1,4314.35,-259.9
ORD-10496,13/06/2023,16/06/2023,First Class,Ali Farooq,Consumer,South,Hyderabad,Office Supplies,Labels,Address Labels,1,54.52,0,54.52,0.38
ORD-11196,12/06/2024,17/06/2024,Second Class,,Corporate, South ,Karachi,Technology,Accessories,Keyboard,7,580.98,0.2,4066.86,661.27
ORD-10805,07/07/2023,13/07/2023,First Class,Sana Iqbal,Consumer,Central,Multan,Furniture,Bookcases,Corner Bookcase,6,397.54,0.15,2385.24,503.92
ORD-10129,22/04/2024,23/04/2024,First Class,Omar Iqbal,Home Office,,Sialkot,Furniture,Chairs,Executive Leather Chair,10,379.23,0.3,3792.3,1142.07
ORD-10715,12/03/2024,17/03/2024,Same Day,Hassan Ansari,Home Office,East,Sialkot,Office Supplies,Art,Pen Set,10,150.58,0.1,1505.8,61.41
ORD-10337,06/07/2024,08/07/2024,Second Class,Bilal Chaudhry,Corporate, North,Islamabad,Office Supplies,Art,Pen Set,1,5.08,0.3,5.08,1.16
ORD-10362,12/08/2024,17/08/2024,Same Day,Bilal Raza,Corporate,north,Islamabad,Office Supplies,Art,Marker Set,2,430.89,0.2,861.78,-108.02
ORD-10608,29/06/2023,05/07/2023,Standard Class,Adeel Qureshi,Consumer,EAST,Gujranwala,Furniture,Bookcases,5-Shelf Bookcase,8,347.22,0.2,2777.76,613.63
ORD-10124,19/03/2024,24/03/2024,Standard Class,Hassan Raza,Corporate,North,Rawalpindi,Furniture,Bookcases,5-Shelf Bookcase,12,206.8,0.15,2481.6,738.18
ORD-10195,09/08/2024,12/08/2024,Same Day,Bilal Butt,Corporate,Central,Multan,Office Supplies,Binders,View Binder,4,135.89,0,543.56,143.63
ORD-10226,27/01/2023,30/01/2023,,Rabia Raza,Corporate,central,Multan,Office Supplies,Binders,View Binder,10,899.65,0,8996.5,-899.05
ORD-10689,13/10/2024,16/10/2024,Standard Class,Tariq Ansari,Home Office,south,Hyderabad,Office Supplies,Labels,Shipping Labels,8,481.56,0.3,3852.48,-134.62
ORD-10268,22/05/2023,28/05/2023,Same Day,Sara Raza,Corporate,SOUTH,Hyderabad,Office Supplies,Labels,Shipping Labels,6,168.67,0.1,1012.02,50.73
ORD-10152,07/03/2023,12/03/2023,First Class,Hassan Butt,Corporate,North,Islamabad,Furniture,Bookcases,Wall-Mount Bookcase,11,880.61,,9686.71,3214.93
ORD-10909,27/11/2023,01/12/2023,Second Class,Sana Sheikh,Consumer,SOUTH,Karachi,Technology,Accessories,Keyboard,10,833.19,0.2,8331.9,2363.11
ORD-10584,21/05/2024,25/05/2024,Same Day,Usman Sheikh,Corporate,EAST,Gujranwala,Technology,Phones,Smartphone X200,8,777.54,0.1,6220.32,-253.19
ORD-10978,30/09/2024,04/10/2024,Second Class,Nida Ansari,Corporate,north,Lahore,Office Supplies,Labels,Address Labels,7,166.38,0.1,1164.66,-160.82
ORD-10103,20/08/2023,22/08/2023,Second Class,Adeel Butt,Home Office,South,Hyderabad,Furniture,Chairs,Folding Chair,10,342.16,0,3421.6,-203.85
ORD-10593,08/11/2023,09/11/2023,Second Class,Hassan Sheikh,Corporate,South,,Furniture,Furnishings,Desk Lamp,2,820.65,0.1,1641.3,-13.28
ORD-11139,24/05/2023,31/05/2023,First Class,Faisal Ansari,Corporate,South,Karachi,Technology,Copiers,Desktop Copier,2,665.28,0,1330.56,107.04
ORD-10786,16/12/2024,20/12/2024,Same Day,Zara Qureshi,Corporate,West,Quetta,Office Supplies,Binders,View Binder,7,273.87,0,1917.09,-230.32
ORD-10719,16/01/2023,17/01/2023,Same Day,Faisal Sheikh,Consumer,SOUTH,Hyderabad,Office Supplies,Paper,Notebook,9,876.27,0,7886.43,1247.11
ORD-10884,11/12/2024,12/12/2024,Standard Class,SANA RAZA,Consumer, West,Quetta,Office Supplies,Storage,Filing Cabinet,8,631.11,0.15,5048.88,-62.36
ORD-10776,02/11/2023,03/11/2023,Second Class,Usman Chaudhry,Corporate, North,Lahore,Furniture,Bookcases,5-Shelf Bookcase,5,354.43,0,1772.15,-205.61
ORD-10976,20/02/2024,24/02/2024,Second Class,Kamran Raza,Consumer, West,Peshawar,Office Supplies,Art,Pen Set,6,600.51,0,3603.06,762.6
ORD-10849,22/08/2024,26/08/2024,Second Class,Hina Ansari,Corporate,south,Hyderabad,Office Supplies,Storage,Storage Box,9,747.72,0.3,6729.48,-104.47
ORD-10894,07/09/2024,10/09/2024,First Class,Omar Chaudhry,Home Office,west,Peshawar,Technology,Copiers,Multifunction Copier,9,227.87,0,2050.83,387.45
ORD-10227,30/06/2024,07/07/2024,Standard Class,Hassan Sheikh,Home Office,north,Rawalpindi,Office Supplies,Storage,Storage Box,10,289.61,0.2,2896.1,575.78
ORD-11162,12/05/2023,16/05/2023,Same Day,Nida Iqbal,Consumer,North,Lahore,Furniture,Tables,Coffee Table,10,84.1,0.3,841,194.58
ORD-10301,08/01/2024,13/01/2024,Second Class,Bilal Farooq,Home Office,north,Rawalpindi,Technology,Machines,Shredder,3,165.33,0.15,495.99,89.13
ORD-10854,23/05/2023,25/05/2023,Second Class,Sana Iqbal,Corporate,East,Sialkot,Office Supplies,Paper,Sticky Notes,3,417.23,0.2,1251.69,-95.45
ORD-10275,10/04/2024,13/04/2024,First Class,Ayesha Sheikh,Home Office,Centeral,Faisalabad,Technology,Copiers,Desktop Copier,1,310.51,0.3,310.51,51.8
ORD-10126,05/11/2024,10/11/2024,Standard Class,Mahnoor Chaudhry,Corporate,CENTRAL,Multan,Furniture,Chairs,Executive Leather Chair,11,193.67,0.15,2130.37,124.19
ORD-10405,03/08/2024,10/08/2024,Same Day,Ayesha Qureshi,Consumer,EAST,Sialkot,Furniture,Chairs,Stacking Chair,10,419.3,0.15,4193,-424.22
ORD-10775,01/08/2023,06/08/2023,Second Class,Sana Iqbal,Home Office,WEST,Peshawar,Technology,Machines,Laser Printer,11,341.63,0,3757.93,505.73
ORD-10821,15/04/2023,20/04/2023,Standard Class,Ahmed Sheikh,Corporate, West,Quetta,Furniture,Bookcases,Wall-Mount Bookcase,11,696.31,0,7659.41,-1019.55
ORD-10711,05/03/2024,09/03/2024,Second Class,Ahmed Ansari,Corporate,west,Peshawar,Office Supplies,Labels,Shipping Labels,10,182.71,0.2,1827.1,336.15
ORD-10765,29/08/2023,05/09/2023,Second Class,Bilal Khan,Home Office,CENTRAL,Faisalabad,Technology,Phones,Office Desk Phone,3,131.81,0.2,395.43,70.68
ORD-10683,06/05/2024,13/05/2024,Standard Class,Bilal Sheikh,Consumer,Centeral,Multan,Office Supplies,Storage,Filing Cabinet,1,491.46,0,491.46,80.47
ORD-10749,30/04/2024,04/05/2024,Second Class,Ahmed Qureshi,Corporate,East,,Office Supplies,Binders,3-Ring Binder,6,872.74,0.15,5236.44,-782.83
ORD-11165,06/01/2023,13/01/2023,Second Class,Imran Ansari,Consumer,Centeral,Multan,Office Supplies,Storage,Storage Box,12,804.88,0,9658.56,518.94
ORD-10036,29/02/2024,04/03/2024,Same Day,Faisal Iqbal,Corporate,EAST,Gujranwala,Office Supplies,Binders,3-Ring Binder,10,851.73,0,8517.3,2370.93
ORD-10139,10/05/2024,12/05/2024,First Class,Fatima Farooq,Corporate,SOUTH,Hyderabad,Furniture,Bookcases,Wall-Mount Bookcase,6,434.42,0.15,2606.52,825.88
ORD-10303,25/04/2024,29/04/2024,Same Day,rabia chaudhry,Home Office,North,Rawalpindi,Office Supplies,Binders,Hanging Binder,-12,240.67,0.15,2888.04,390.12
ORD-10267,31/10/2023,03/11/2023,Standard Class,Kamran Raza,Consumer,West,Quetta,Furniture,Chairs,Folding Chair,7,665.99,0,4661.93,
ORD-10834,28/07/2024,02/08/2024,Same Day,,Corporate,South,Karachi,Furniture,Tables,Coffee Table,10,96.58,0.3,965.8,107.36
ORD-10533,09/05/2024,11/05/2024,Standard Class,,Corporate,south,Karachi,Technology,Copiers,Desktop Copier,5,215.07,0.15,1075.35,-136.01
ORD-10545,19/08/2024,21/08/2024,Same Day,Sara Malik,Consumer,east,Sialkot,Furniture,Furnishings,Wall Clock,1,385.27,0,385.27,33.95
ORD-10212,13/01/2023,15/01/2023,Second Class,Ali Ansari,Corporate, North,Islamabad,Office Supplies,Paper,Copy Paper A4,12,667.9,0.1,8014.8,-302.5
ORD-10896,17/12/2023,23/12/2023,First Class,Omar Ansari,Home Office,central,Multan,Furniture,Tables,Rectangular Desk,5,291.41,0.15,1457.05,125.22
ORD-10468,13/10/2024,16/10/2024,First Class,Fatima Butt,Home Office,NORTH,Islamabad,Technology,Phones,Cordless Phone,2,540.89,0,1081.78,131.82
ORD-10198,27/11/2023,04/12/2023,Standard Class,Ali Khan,Consumer,east,Sialkot,Technology,Copiers,Multifunction Copier,2,565.43,,1130.86,90.23
ORD-11065,26/01/2024,29/01/2024,Same Day,Adeel Ansari,Consumer,north,Lahore,Technology,Machines,Laser Printer,1,229.1,0.15,229.1,72.4
ORD-10867,08/07/2023,14/07/2023,Second Class,,Home Office,EAST,Sialkot,Office Supplies,Binders,3-Ring Binder,5,555.95,0.15,2779.75,770.33
ORD-10672,13/07/2024,18/07/2024,First Class,Bilal Sheikh,Corporate,east,Gujranwala,Furniture,Tables,Round Conference Table,7,497.69,0,3483.83,1030.49
ORD-10916,03/08/2023,10/08/2023,First Class,Hassan Ansari,Consumer,east,Gujranwala,Furniture,Furnishings,Desk Lamp,3,669.06,0.3,2007.18,369.99
ORD-10527,09/05/2023,11/05/2023,Second Class,Fatima Farooq,Consumer,north,Lahore,Furniture,Tables,Round Conference Table,11,134.91,0,1484.01,100.76
ORD-10675,08/07/2023,09/07/2023,Second Class,Omar Sheikh,Consumer,south,Karachi,Technology,Copiers,Multifunction Copier,5,638.89,0.15,3194.45,-288.93
ORD-10893,13/05/2024,16/05/2024,First Class,Fatima Qureshi,Corporate,Central,Faisalabad,Furniture,Furnishings,Floor Mat,11,554.9,0.1,6103.9,2112.67
ORD-10814,05/12/2024,08/12/2024,Same Day,Rabia Butt,Home Office,Centeral,Multan,Technology,Accessories,Wireless Mouse,5,757.42,0,3787.1,696.78
ORD-10241,19/06/2024,23/06/2024,Second Class,Nida Khan,Consumer,Centeral,Multan,Office Supplies,Storage,Storage Box,9,516.24,0.15,4646.16,
ORD-10342,20/05/2024,22/05/2024,Same Day,Ali Raza,Consumer,east,Gujranwala,Office Supplies,Storage,Filing Cabinet,2,759.97,0,1519.94,-185.4
ORD-10549,27/05/2023,29/05/2023,Standard Class,Hassan Farooq,Corporate,Centeral,Multan,Office Supplies,Storage,Storage Box,1,114.48,0,114.48,-13.3
ORD-10386,07/11/2024,13/11/2024,Same Day,Sara Chaudhry,Home Office,central,Faisalabad,Technology,Accessories,USB Cable,6,334.87,0.1,2009.22,522.66
ORD-11143,28/09/2024,05/10/2024,First Class,Faisal Farooq,Consumer,NORTH,Islamabad,Office Supplies,Binders,Hanging Binder,1,44.51,0,44.51,-6.61
ORD-10966,09/11/2024,15/11/2024,Same Day,Sara Butt,Corporate,South,Karachi,Furniture,Tables,Corner Table,9,298,0.2,2682,-58.33
ORD-10206,01/02/2024,08/02/2024,Standard Class,Sara Khan,Corporate,Centeral,Faisalabad,Technology,Machines,Label Maker,10,65.44,0,654.4,-27.57
ORD-10295,27/02/2024,04/03/2024,Same Day,Fatima Malik,Home Office,central,Multan,Furniture,Tables,Coffee Table,3,605.53,0.15,1816.59,501.61
ORD-10695,27/11/2024,01/12/2024,Same Day,Hassan Chaudhry,Home Office,CENTRAL,Faisalabad,Technology,Machines,Label Maker,2,471.74,0,943.48,209.04
ORD-11077,28/09/2024,01/10/2024,Standard Class,Imran Iqbal,Consumer,east,Sialkot,Technology,Phones,Office Desk Phone,9,37.36,0.3,336.24,41.69
ORD-10073,21/09/2023,28/09/2023,First Class,Bilal Sheikh,Consumer,WEST,Peshawar,Furniture,Furnishings,Desk Lamp,11,653.17,0.1,7184.87,2397.12
ORD-10605,21/06/2023,22/06/2023,Second Class,Adeel Sheikh,Consumer,West,Peshawar,Office Supplies,Labels,Address Labels,9,358.58,0.1,3227.22,-289.15
ORD-10104,24/03/2024,25/03/2024,Second Class,Sana Sheikh,Corporate,WEST,Quetta,Office Supplies,Labels,Shipping Labels,9,219.06,0.3,1971.54,477.48
ORD-11023,04/05/2023,10/05/2023,Same Day,Usman Farooq,Consumer, North,Lahore,Furniture,Chairs,Executive Leather Chair,10,626.95,0,6269.5,-93.83
ORD-11042,27/09/2023,03/10/2023,Same Day,Ayesha Khan,Home Office,east,Gujranwala,Technology,Machines,Laser Printer,3,82.31,0,246.93,45.02
ORD-10049,25/02/2023,02/03/2023,Standard Class,Ahmed Qureshi,Corporate,EAST,Sialkot,Technology,Copiers,Desktop Copier,5,425.11,0.1,2125.55,43.26
ORD-10016,18/06/2023,22/06/2023,Standard Class,Tariq Farooq,Home Office, North,Islamabad,Office Supplies,Storage,Filing Cabinet,3,174.96,0,524.88,175.5
ORD-10439,30/06/2023,02/07/2023,Standard Class,Faisal Chaudhry,Home Office,North,Rawalpindi,Office Supplies,Storage,Storage Box,6,557.05,0.3,3342.3,255.93
ORD-10091,14/11/2024,17/11/2024,First Class,Fatima Chaudhry,Consumer,north,Islamabad,Technology,Phones,Smartphone X200,4,691.78,0.3,2767.12,-61.54
ORD-10088,04/07/2023,07/07/2023,Standard Class,Mahnoor Iqbal,Home Office,east,Gujranwala,Furniture,Tables,Rectangular Desk,2,131.98,0.2,263.96,88.67
ORD-11076,29/12/2024,03/01/2025,Same Day,Rabia Raza,Corporate,East,Sialkot,Technology,Machines,Shredder,1,406.28,0,406.28,101.27
ORD-10908,06/07/2023,12/07/2023,Standard Class,Nida Qureshi,Consumer,CENTRAL,Faisalabad,Technology,Copiers,Desktop Copier,5,10.69,0.3,53.45,2.4
ORD-10450,26/07/2024,01/08/2024,Second Class,Usman Ansari,Home Office,Nort,Rawalpindi,Furniture,Tables,Coffee Table,2,585.89,0.2,1171.78,374.47
ORD-10717,30/03/2024,04/04/2024,Standard Class,Sana Ansari,Corporate,Central,Faisalabad,Office Supplies,Paper,Copy Paper A4,7,107.48,0.3,752.36,63.79
ORD-10102,20/12/2024,27/12/2024,Same Day,Kamran Chaudhry,Consumer,Central,Faisalabad,Technology,Accessories,USB Cable,3,856.3,0,2568.9,831.9
ORD-10238,13/03/2024,14/03/2024,Standard Class,Fatima Butt,Corporate,EAST,Gujranwala,Furniture,Chairs,Executive Leather Chair,11,266.17,0,2927.87,254.1
ORD-10068,29/06/2023,30/06/2023,Same Day,Usman Farooq,Corporate,Centeral,Multan,Office Supplies,Labels,Address Labels,11,232.31,0,2555.41,468.71
ORD-10942,06/04/2023,07/04/2023,First Class,Kamran Iqbal,Home Office,Centeral,Faisalabad,Furniture,Bookcases,Corner Bookcase,3,829.53,0,2488.59,678.15
ORD-10246,07/11/2023,10/11/2023,Second Class,Sana Raza,Corporate,east,Sialkot,Furniture,Tables,Coffee Table,5,657.28,0.15,3286.4,
ORD-10938,19/12/2023,22/12/2023,First Class,Zara Butt,Home Office,SOUTH,Hyderabad,Furniture,Bookcases,Wall-Mount Bookcase,4,504.84,0.3,2019.36,249.67
ORD-11110,27/01/2023,30/01/2023,Second Class,Ayesha Malik,Home Office,East,Sialkot,Furniture,Chairs,Folding Chair,5,692.36,0,3461.8,1018.48
ORD-10157,27/05/2023,02/06/2023,Same Day,Tariq Qureshi,Consumer,central,Faisalabad,Office Supplies,Storage,Storage Box,12,820.86,0.2,9850.32,1865.4
ORD-10479,24/03/2024,29/03/2024,Second Class,Mahnoor Malik,Corporate,North,Lahore,Office Supplies,Art,Highlighter Pack,12,833.13,0,9997.56,-1176.16
ORD-10838,27/07/2024,31/07/2024,Same Day,Hassan Khan,Consumer,WEST,Quetta,Technology,Copiers,Multifunction Copier,6,770.56,0.3,4623.36,855.41
ORD-10645,28/03/2023,29/03/2023,First Class,Ahmed Sheikh,Home Office,CENTRAL,Faisalabad,Technology,Machines,Label Maker,5,46.32,0.15,231.6,70.01
ORD-10005,24/01/2024,27/01/2024,First Class,Hina Iqbal,Consumer,,Faisalabad,Furniture,Tables,Round Conference Table,5,64.24,0.15,321.2,92.56
ORD-11117,17/08/2024,18/08/2024,Standard Class,,Home Office,south,Karachi,Furniture,Tables,Round Conference Table,3,868.87,0,2606.61,859.4
ORD-10965,07/12/2024,08/12/2024,Same Day,Zara Qureshi,Consumer, West,Peshawar,Office Supplies,Paper,Sticky Notes,1,565.75,0.1,565.75,-73.04
ORD-10018,03/05/2023,08/05/2023,Second Class,Zara Sheikh,Home Office,South,Karachi,Office Supplies,Labels,Shipping Labels,11,645.99,0,7105.89,-122.17
ORD-10121,24/11/2023,30/11/2023,Second Class,Hassan Butt,Consumer,EAST,Sialkot,Technology,Accessories,Wireless Mouse,6,460.34,0,2762.04,946.18
ORD-10661,25/06/2024,30/06/2024,Second Class,Zara Sheikh,Home Office, South ,Karachi,Office Supplies,Binders,3-Ring Binder,8,358.85,0,2870.8,92.58
ORD-11037,21/12/2024,28/12/2024,,Mahnoor Khan,Home Office,west,Peshawar,Furniture,Chairs,Mesh Task Chair,9,402.76,0.15,3624.84,-215.26
ORD-10274,24/07/2024,29/07/2024,Standard Class,Tariq Sheikh,Consumer,North,Rawalpindi,Technology,Accessories,Keyboard,11,605.97,0,6665.67,211.11
ORD-10433,09/10/2024,10/10/2024,Standard Class,Sara Malik,Consumer,East,Gujranwala,Technology,Machines,Shredder,2,449.94,0.3,899.88,142.01
ORD-10811,18/03/2023,21/03/2023,First Class,Hina Khan,Consumer,SOUTH,Hyderabad,Office Supplies,Labels,Address Labels,7,94.89,0.2,664.23,164.13
ORD-11153,02/09/2023,04/09/2023,Standard Class,Hina Malik,Consumer,south,Hyderabad,Furniture,Bookcases,Corner Bookcase,7,656.96,0.3,4598.72,-364.64
ORD-11166,22/10/2024,25/10/2024,Standard Class,Ahmed Qureshi,Corporate,Central,Multan,Furniture,Bookcases,Wall-Mount Bookcase,1,459.12,0.15,459.12,64.47
ORD-10181,04/04/2024,09/04/2024,First Class,Tariq Qureshi,Consumer, West,Peshawar,Technology,Phones,Office Desk Phone,11,823.39,0,9057.29,2123.73
ORD-10184,11/04/2024,18/04/2024,Standard Class,sana raza,Corporate, South ,Hyderabad,Office Supplies,Binders,View Binder,2,273.74,0.3,547.48,112.45
ORD-10406,12/11/2023,16/11/2023,Standard Class,Imran Khan,Consumer,Nort,Lahore,Technology,Copiers,Multifunction Copier,2,199.76,0,399.52,117.31
ORD-10865,10/02/2024,12/02/2024,Same Day,Faisal Chaudhry,Consumer,South,Karachi,Furniture,Tables,Corner Table,6,874.81,0.2,5248.86,832.58
ORD-10520,18/03/2024,24/03/2024,Same Day,Rabia Sheikh,Consumer,EAST,Sialkot,Office Supplies,Binders,View Binder,8,403.67,0.1,3229.36,284.89
ORD-11003,01/08/2024,05/08/2024,Same Day,Fatima Raza,Corporate,North,Islamabad,Office Supplies,Art,Marker Set,12,213.93,,2567.16,773.43
ORD-10380,23/10/2024,27/10/2024,Second Class,Faisal Raza,Corporate,Nort,,Furniture,Tables,Corner Table,8,27.3,0.1,218.4,31.7
ORD-10427,14/09/2023,21/09/2023,Same Day,Nida Chaudhry,Corporate,West,Peshawar,Furniture,Chairs,Executive Leather Chair,3,631.55,0.1,1894.65,
ORD-10078,22/10/2024,25/10/2024,First Class,Sara Sheikh,Consumer, North,Islamabad,Furniture,Chairs,Stacking Chair,11,577.35,0,6350.85,-792.02
ORD-11009,13/01/2024,17/01/2024,Same Day,Sana Raza,Corporate, South ,Hyderabad,Technology,Machines,Shredder,2,843.53,0.1,1687.06,-20.29
ORD-10423,26/09/2024,27/09/2024,Second Class,Sara Qureshi,Consumer,Nort,Rawalpindi,Furniture,Chairs,Executive Leather Chair,3,341.48,0.3,1024.44,307.28
ORD-10607,10/03/2023,12/03/2023,Second Class,Ayesha Qureshi,Corporate,WEST,Peshawar,Furniture,Tables,Coffee Table,6,883.37,0.2,5300.22,234.71
ORD-11094,18/06/2023,21/06/2023,Second Class,Bilal Sheikh,Corporate,West,,Office Supplies,Paper,Copy Paper A4,9,545.51,0,4909.59,1490.81
ORD-11123,18/07/2024,23/07/2024,Same Day,Zara Malik,Consumer,South,Hyderabad,Technology,Accessories,Keyboard,5,776.49,0.15,3882.45,969.57
ORD-11082,23/01/2023,27/01/2023,Second Class,Nida Khan,Home Office,WEST,Peshawar,Technology,Accessories,Wireless Mouse,10,273.81,0.3,2738.1,-57.99
ORD-10958,18/02/2024,19/02/2024,Same Day,Sara Raza,Home Office,East,Gujranwala,Technology,Phones,Cordless Phone,9,508.88,0.2,4579.92,531.1
ORD-10559,07/04/2024,08/04/2024,First Class,Ali Farooq,Home Office, North,Rawalpindi,Office Supplies,Paper,Copy Paper A4,5,540.09,0.3,2700.45,513.08
ORD-10846,22/11/2023,27/11/2023,Second Class,Sara Sheikh,Home Office,north,Lahore,Furniture,Bookcases,Wall-Mount Bookcase,5,754.39,0.2,3771.95,1212.04
ORD-10690,07/03/2024,12/03/2024,Standard Class,Fatima Khan,Corporate,central,Multan,Furniture,Bookcases,5-Shelf Bookcase,6,504.75,0,3028.5,940.2
ORD-11199,15/10/2024,17/10/2024,First Class,Hina Iqbal,Consumer,SOUTH,Hyderabad,Furniture,Tables,Round Conference Table,3,238.35,0.2,715.05,136.05
ORD-11151,16/07/2023,23/07/2023,Standard Class,  Zara Chaudhry  ,Consumer,North,Islamabad,Office Supplies,Storage,Filing Cabinet,9,520.26,0.3,4682.34,539.3
ORD-10436,13/05/2024,14/05/2024,Same Day,Imran Butt,Consumer,North,Lahore,Furniture,Bookcases,Wall-Mount Bookcase,4,133.06,0,532.24,59.37
ORD-10490,23/05/2024,28/05/2024,Same Day,Imran Malik,Consumer,East,Gujranwala,Office Supplies,Art,Marker Set,9,196.6,0,1769.4,-223.36
ORD-10427,14/09/2023,21/09/2023,Same Day,Nida Chaudhry,Corporate,West,Peshawar,Furniture,Chairs,Executive Leather Chair,3,631.55,0.1,1894.65,260.17
ORD-11132,16/02/2023,22/02/2023,Standard Class,Sana Khan,Home Office,south,Karachi,Furniture,Tables,Coffee Table,11,407.27,0.15,4479.97,-370.68
ORD-10069,24/11/2024,29/11/2024,Same Day,Faisal Chaudhry,Consumer,South,Hyderabad,Office Supplies,Labels,Shipping Labels,8,761.55,0,6092.4,2130.43
ORD-10808,12/09/2024,19/09/2024,Standard Class,Fatima Ansari,Home Office,north,Rawalpindi,Office Supplies,Paper,Copy Paper A4,9,680.6,0,6125.4,913.88
ORD-10011,01/05/2024,06/05/2024,Second Class,Nida Raza,Consumer,SOUTH,Hyderabad,Furniture,Tables,Coffee Table,8,810.15,0.1,6481.2,-580.05
ORD-10144,02/11/2023,07/11/2023,Same Day,Tariq Ansari,Corporate,Central,Faisalabad,Office Supplies,Art,Highlighter Pack,8,800.89,0,6407.12,1765.35
ORD-10917,16/06/2023,17/06/2023,Same Day,Adeel Raza,Consumer,west,Peshawar,Office Supplies,Storage,Filing Cabinet,1,706.03,0,706.03,-95.84
ORD-10639,29/05/2023,31/05/2023,Standard Class,Bilal Iqbal,Corporate,south,Karachi,Office Supplies,Labels,Address Labels,7,613.1,0,4291.7,1343.27
ORD-10176,25/01/2024,27/01/2024,Standard Class,Sara Butt,Corporate,SOUTH,Hyderabad,Office Supplies,Art,Marker Set,7,251.99,0,1763.93,162.49
ORD-10994,26/11/2023,03/12/2023,First Class,Faisal Ansari,Home Office,south,Hyderabad,Technology,Accessories,Keyboard,11,260.44,0.1,2864.84,-70.26
ORD-10440,23/02/2023,28/02/2023,Second Class,Sara Sheikh,Home Office,south,Karachi,Office Supplies,Labels,Address Labels,12,403.11,0.15,4837.32,62.82
ORD-10521,08/03/2024,15/03/2024,Second Class,Ali Ansari,Corporate,EAST,Sialkot,Office Supplies,Art,Marker Set,6,876.08,0.2,5256.48,-199.14
ORD-10109,23/10/2023,25/10/2023,Standard Class,Adeel Farooq,Home Office,East,Sialkot,Furniture,Furnishings,Floor Mat,2,104.22,0.1,208.44,30.93
ORD-11004,22/07/2024,25/07/2024,Second Class,Mahnoor Sheikh,Corporate,CENTRAL,Multan,Furniture,Bookcases,Corner Bookcase,12,535.59,0,6427.08,1649.58
ORD-10143,29/10/2024,03/11/2024,Standard Class,Nida Farooq,Consumer,South,Karachi,Office Supplies,Paper,Copy Paper A4,3,843.26,0.3,2529.78,791.87
ORD-10753,31/07/2023,06/08/2023,First Class,Tariq Farooq,Corporate,north,Islamabad,Technology,Phones,Office Desk Phone,9,161.58,0.2,1454.22,35.52
ORD-10519,02/07/2023,04/07/2023,First Class,Nida Chaudhry,Corporate,West,Quetta,Furniture,Tables,Corner Table,11,678.54,0.2,7463.94,-544.37
ORD-10822,02/11/2024,06/11/2024,Standard Class,Ahmed Khan,Home Office,SOUTH,Karachi,Furniture,Chairs,Stacking Chair,12,748.08,0.15,8976.96,2778.25
ORD-10428,22/03/2024,26/03/2024,First Class,Imran Malik,Corporate,Nort,Lahore,Furniture,Furnishings,Floor Mat,10,484.1,0,4841,80.94
ORD-10612,26/01/2024,31/01/2024,Second Class,Imran Malik,Consumer,East,Gujranwala,Technology,Phones,Smartphone X200,4,51.64,0,206.56,65.92
ORD-11032,21/04/2023,25/04/2023,Standard Class,Fatima Ansari,Consumer,South,Hyderabad,Furniture,Furnishings,Wall Clock,11,91.45,0.3,1005.95,-54.82
ORD-10156,25/03/2024,27/03/2024,Second Class,Mahnoor Raza,Corporate,central,Multan,Furniture,Bookcases,5-Shelf Bookcase,10,540.14,0.2,5401.4,1400
ORD-10539,29/03/2024,31/03/2024,Second Class,Nida Butt,Home Office,Nort,Lahore,Furniture,Bookcases,Wall-Mount Bookcase,7,60.01,0.3,420.07,-55.22
ORD-10461,17/05/2024,20/05/2024,First Class,Faisal Raza,Corporate,Central,Faisalabad,Office Supplies,Paper,Notebook,7,338.68,0,2370.76,53.25
ORD-10576,01/09/2023,06/09/2023,Same Day,Fatima Malik,Home Office,Central,Faisalabad,Office Supplies,Paper,Copy Paper A4,6,174.47,0.1,1046.82,206.63
ORD-10255,03/01/2024,08/01/2024,First Class,Bilal Chaudhry,Home Office,East,Sialkot,Office Supplies,Binders,View Binder,12,728.47,0.3,8741.64,2677.67
ORD-10979,04/08/2024,10/08/2024,Same Day,  Bilal Iqbal  ,Corporate,SOUTH,Karachi,Technology,Copiers,Desktop Copier,6,424.38,0.3,2546.28,558.23
ORD-11006,05/04/2024,09/04/2024,Same Day,Usman Sheikh,Home Office,SOUTH,Karachi,Office Supplies,Binders,View Binder,11,7.73,0,85.03,22.31
ORD-10560,06/08/2023,11/08/2023,First Class,Sara Iqbal,Corporate,CENTRAL,Multan,Furniture,Chairs,Folding Chair,12,115.06,0,1380.72,293.45
ORD-10208,03/07/2024,06/07/2024,Standard Class,Ali Sheikh,Corporate,West,Peshawar,Technology,Copiers,Desktop Copier,2,832.54,0,1665.08,127.69
ORD-10910,01/06/2023,03/06/2023,Second Class,Tariq Raza,Consumer,East,Sialkot,Furniture,Chairs,Mesh Task Chair,2,298.08,0,596.16,187.33
ORD-10001,08/09/2024,09/09/2024,Second Class,Zara Khan,Corporate,central,Faisalabad,Furniture,Furnishings,Floor Mat,3,629.83,0,1889.49,-20.91
ORD-10269,30/01/2024,05/02/2024,Same Day,Hassan Malik,Consumer, West,Quetta,Furniture,Tables,Round Conference Table,7,820.55,0.1,5743.85,1442.47
ORD-10265,23/07/2023,28/07/2023,Same Day,Hassan Khan,Corporate,SOUTH,Karachi,Office Supplies,Art,Pen Set,9,449.24,0,4043.16,784.79
ORD-10914,08/01/2023,12/01/2023,Same Day,Sara Iqbal,Corporate, West,Quetta,Office Supplies,Storage,Filing Cabinet,11,274.12,0.2,3015.32,-324.97
ORD-10230,22/06/2024,29/06/2024,Same Day,Hina Chaudhry,Home Office,East,,Technology,Copiers,Desktop Copier,6,127.12,0,762.72,164.88
ORD-10676,30/06/2024,02/07/2024,First Class,ali sheikh,Corporate,East,Sialkot,Office Supplies,Paper,Sticky Notes,4,483.46,0,1933.84,337.11
ORD-10765,29/08/2023,05/09/2023,Second Class,Bilal Khan,Home Office,CENTRAL,Faisalabad,Technology,Phones,Office Desk Phone,3,131.81,0.2,395.43,70.68
ORD-10864,09/07/2024,12/07/2024,Standard Class,Hina Chaudhry,Home Office,SOUTH,Hyderabad,Office Supplies,Binders,View Binder,11,36.88,0,405.68,11.61
ORD-11066,28/10/2023,30/10/2023,Second Class,Hassan Ansari,Corporate,WEST,Quetta,Furniture,Furnishings,Wall Clock,2,212.47,0,424.94,68.19
ORD-10873,09/06/2023,14/06/2023,Second Class,Ahmed Chaudhry,Corporate,central,Faisalabad,Technology,Copiers,Multifunction Copier,9,670.93,0,6038.37,227.3
ORD-11103,27/04/2023,04/05/2023,First Class,Imran Qureshi,Consumer,WEST,Quetta,Technology,Copiers,Desktop Copier,5,708.02,0,3540.1,865.55
ORD-10398,25/07/2023,27/07/2023,Standard Class,Bilal Butt,Consumer,east,Gujranwala,Office Supplies,Binders,View Binder,5,107.44,0.15,537.2,69.74
ORD-11126,13/12/2024,20/12/2024,First Class,Ayesha Iqbal,Corporate,EAST,Sialkot,Technology,Copiers,Multifunction Copier,8,564.03,0,4512.24,55.76
ORD-10045,29/11/2023,01/12/2023,Same Day,Adeel Chaudhry,Corporate,west,Peshawar,Office Supplies,Storage,Filing Cabinet,9,14.09,0,126.81,-13.59
ORD-10161,01/05/2023,07/05/2023,First Class,Hina Chaudhry,Corporate,west,Quetta,Office Supplies,Paper,Notebook,7,422.29,0.2,2956.03,87.59
ORD-10991,05/12/2023,12/12/2023,Second Class,Sara Butt,Consumer,Nort,Lahore,Furniture,Tables,Rectangular Desk,2,647.84,0,1295.68,-191.86
ORD-10727,09/01/2024,10/01/2024,First Class,Bilal Chaudhry,Corporate,South,Hyderabad,Furniture,Tables,Round Conference Table,5,436.01,0,2180.05,52.92
ORD-10629,14/03/2024,18/03/2024,Second Class,Bilal Ansari,Corporate, North,Islamabad,Technology,Machines,Shredder,10,707.45,0.2,7074.5,723.85
ORD-10288,26/10/2024,27/10/2024,Standard Class,Hina Iqbal,Home Office,NORTH,Islamabad,Furniture,Tables,Round Conference Table,2,350.36,,700.72,148.54
ORD-11059,20/09/2024,23/09/2024,First Class,Usman Farooq,Consumer,West,Quetta,Furniture,Furnishings,Desk Lamp,10,153.25,0,1532.5,473.26
ORD-10974,14/09/2023,17/09/2023,Same Day,Usman Butt,Corporate, West,Quetta,Office Supplies,Labels,Shipping Labels,5,575.2,0,2876,953.45
ORD-10575,21/08/2024,25/08/2024,Second Class,Imran Chaudhry,Consumer,CENTRAL,Faisalabad,Technology,Machines,Laser Printer,10,311.9,0,3119,1045.29
ORD-10850,12/08/2023,16/08/2023,Standard Class,Bilal Farooq,Corporate,East,Sialkot,Technology,Machines,Label Maker,10,294.08,0.15,2940.8,114.56
ORD-10911,07/11/2023,09/11/2023,Second Class,Bilal Farooq,Corporate,WEST,Quetta,Furniture,Bookcases,5-Shelf Bookcase,2,751.57,0.1,1503.14,-206.36
ORD-11119,25/02/2024,29/02/2024,,Bilal Sheikh,Corporate,CENTRAL,Faisalabad,Technology,Machines,Shredder,7,321.09,0.3,2247.63,411.16
ORD-10932,16/12/2023,19/12/2023,First Class,Mahnoor Butt,Consumer, North,Islamabad,Furniture,Furnishings,Wall Clock,12,623.84,0.3,7486.08,701.09
ORD-11100,17/08/2024,19/08/2024,Standard Class,Hina Butt,Corporate,CENTRAL,Multan,Furniture,Furnishings,Floor Mat,9,592.21,0,5329.89,1026.23
ORD-10247,05/08/2023,12/08/2023,Standard Class,Omar Ansari,Consumer, West,Peshawar,Furniture,Tables,Round Conference Table,7,126.41,0.3,884.87,99.23
ORD-10476,20/11/2024,21/11/2024,Standard Class,Usman Iqbal,Home Office,SOUTH,Hyderabad,Office Supplies,Paper,Notebook,2,686.46,0,1372.92,-121.08
ORD-10085,30/04/2024,01/05/2024,Standard Class,Kamran Butt,Corporate,North,Lahore,Office Supplies,Binders,Hanging Binder,9,58.68,0.15,528.12,69.1
ORD-10469,05/11/2023,08/11/2023,Second Class,Rabia Chaudhry,Consumer,East,Gujranwala,Furniture,Chairs,Mesh Task Chair,6,702.03,0.1,4212.18,84.9
ORD-10225,20/10/2024,27/10/2024,First Class,Tariq Farooq,Consumer,central,Multan,Office Supplies,Storage,Filing Cabinet,6,821.85,0.15,4931.1,53.27
ORD-10774,19/08/2024,20/08/2024,Same Day,Faisal Qureshi,Consumer,north,Lahore,Furniture,Chairs,Folding Chair,9,778.72,0,7008.48,-401.92
ORD-10331,05/05/2023,08/05/2023,First Class,Rabia Farooq,Corporate,central,Multan,Office Supplies,Storage,Filing Cabinet,12,405,0,4860,197
ORD-10233,01/04/2023,08/04/2023,Same Day,Sara Raza,Corporate,east,Sialkot,Office Supplies,Paper,Copy Paper A4,5,709.38,0.2,3546.9,-529.76
ORD-10588,06/11/2023,12/11/2023,Standard Class,Omar Chaudhry,Corporate,,Sialkot,Technology,Accessories,USB Cable,6,705.9,0.1,4235.4,
ORD-10475,11/08/2023,17/08/2023,Second Class,Ayesha Sheikh,Corporate,SOUTH,Karachi,Technology,Phones,Cordless Phone,9,766.91,0.1,6902.19,229.37
ORD-10599,26/02/2024,04/03/2024,Standard Class,Faisal Farooq,Consumer,Central,Faisalabad,Furniture,Chairs,Folding Chair,3,231.23,0.15,693.69,-88.57
ORD-10421,04/10/2023,07/10/2023,Second Class,Usman Qureshi,Corporate,NORTH,Rawalpindi,Technology,Copiers,Multifunction Copier,4,470.36,0.2,1881.44,367.14
ORD-10182,24/10/2024,29/10/2024,Second Class,Faisal Malik,Corporate,Nort,Rawalpindi,Technology,Copiers,Multifunction Copier,1,93.25,0,93.25,9.82
ORD-10988,02/02/2024,03/02/2024,Second Class,Faisal Iqbal,Corporate,EAST,Gujranwala,Office Supplies,Storage,Storage Bin,12,311.21,0,3734.52,782.6
ORD-11000,07/11/2023,14/11/2023,Standard Class,Imran Iqbal,Corporate,CENTRAL,Multan,Furniture,Furnishings,Floor Mat,7,852.86,0,5970.02,559.22
ORD-10049,25/02/2023,02/03/2023,Standard Class,  Ahmed Qureshi  ,Corporate,EAST,Sialkot,Technology,Copiers,Desktop Copier,5,425.11,0.1,2125.55,43.26
ORD-11158,12/01/2024,17/01/2024,First Class,Sara Malik,Consumer,East,Sialkot,Furniture,Bookcases,Corner Bookcase,9,577.16,0.15,5194.44,-34.19
ORD-11029,18/12/2023,23/12/2023,Standard Class,Nida Malik,Home Office,SOUTH,Karachi,Technology,Machines,Laser Printer,7,793.25,0.15,5552.75,677.43
ORD-10529,06/09/2023,08/09/2023,First Class,Ayesha Iqbal,Consumer,EAST,Gujranwala,Furniture,Bookcases,5-Shelf Bookcase,7,764.51,0.2,5351.57,745.64
ORD-10486,27/02/2023,03/03/2023,First Class,Hina Khan,Home Office,east,Gujranwala,Technology,Accessories,Wireless Mouse,1,533.46,0,533.46,143.22
ORD-10497,21/02/2024,24/02/2024,First Class,Mahnoor Ansari,Corporate, North,Rawalpindi,Furniture,Tables,Round Conference Table,2,472.15,0.3,944.3,132.4
ORD-10106,21/07/2024,22/07/2024,Second Class,Sana Ansari,Corporate,Central,Faisalabad,Furniture,Tables,Coffee Table,3,748.79,0,2246.37,726.04
ORD-10443,09/12/2024,14/12/2024,Second Class,FAISAL BUTT,Home Office,NORTH,Lahore,Furniture,Furnishings,Wall Clock,6,201.77,0,1210.62,183.79
ORD-10646,30/06/2024,04/07/2024,Second Class,,Consumer, South ,Hyderabad,Technology,Accessories,Keyboard,4,620.7,0.2,2482.8,645.23
ORD-11036,16/09/2023,21/09/2023,First Class,Nida Raza,Home Office,North,Lahore,Technology,Phones,Office Desk Phone,4,545.23,0.1,2180.92,-289.69
ORD-10726,22/12/2023,26/12/2023,,Fatima Qureshi,Consumer,Central,Multan,Technology,Accessories,USB Cable,1,484.68,0.15,484.68,51.31
ORD-10190,20/06/2023,24/06/2023,Same Day,Ali Raza,Corporate,East,Sialkot,Office Supplies,Art,Highlighter Pack,1,438.72,0,438.72,113.02
ORD-10282,01/10/2023,08/10/2023,Second Class,Fatima Ansari,Home Office,SOUTH,Hyderabad,Furniture,Chairs,Folding Chair,1,326.02,0.1,326.02,-32.2
ORD-10029,13/11/2023,19/11/2023,Second Class,Bilal Sheikh,Home Office,WEST,Peshawar,Technology,Accessories,Keyboard,7,600.11,0.1,4200.77,792.51
ORD-10169,25/06/2023,26/06/2023,Same Day,Ali Sheikh,Corporate, West,Peshawar,Technology,Phones,Cordless Phone,4,811.64,0.2,3246.56,953.77
ORD-11001,19/04/2023,20/04/2023,First Class,Usman Ansari,Home Office,EAST,Gujranwala,Technology,Accessories,USB Cable,8,724.24,0.1,5793.92,551.89
ORD-10100,13/12/2023,19/12/2023,Second Class,Tariq Iqbal,Corporate,Central,Faisalabad,Furniture,Bookcases,5-Shelf Bookcase,5,230.54,0.3,1152.7,205.51
ORD-10197,14/05/2024,17/05/2024,Same Day,Sara Ansari,Corporate,Central,Multan,Technology,Copiers,Multifunction Copier,7,199.96,0.1,N/A,367.32
ORD-10495,07/09/2024,09/09/2024,Standard Class,,Consumer,west,Quetta,Furniture,Tables,Round Conference Table,8,439.42,0.1,3515.36,214.47
ORD-10647,12/07/2023,14/07/2023,First Class,Kamran Chaudhry,Corporate,East,Sialkot,Technology,Machines,Shredder,3,657.55,0.1,1972.65,-222.55
ORD-10987,07/10/2023,13/10/2023,Same Day,Adeel Khan,Corporate,West,,Technology,Phones,Smartphone X200,12,518.42,0,6221.04,250.93
ORD-10044,22/03/2024,29/03/2024,Standard Class,Sana Sheikh,Corporate,CENTRAL,Faisalabad,Furniture,Chairs,Folding Chair,8,515.02,0.2,4120.16,
ORD-10710,25/03/2023,28/03/2023,Second Class,Ali Malik,Corporate, West,Quetta,Technology,Accessories,USB Cable,7,311.11,0.3,2177.77,-3.37
ORD-10373,13/11/2023,19/11/2023,Second Class,Sara Ansari,Home Office,central,Faisalabad,Furniture,Tables,Coffee Table,9,854,0,7686,-445.27
ORD-10678,20/09/2023,21/09/2023,Second Class,Adeel Ansari,Home Office,Central,Faisalabad,Technology,Accessories,Keyboard,4,736.08,0,2944.32,35.72
ORD-10566,18/07/2023,24/07/2023,First Class,Sara Butt,Consumer,central,Multan,Technology,Machines,Shredder,5,840.54,0.3,4202.7,-151.37
ORD-10847,16/05/2023,19/05/2023,Second Class,Bilal Qureshi,Consumer, North,Rawalpindi,Office Supplies,Paper,Sticky Notes,6,375.51,,2253.06,-125.9
ORD-10460,14/09/2024,20/09/2024,Same Day,Tariq Farooq,Consumer,south,Hyderabad,Furniture,Chairs,Executive Leather Chair,11,606.04,0,6666.44,2252.72
ORD-11155,10/08/2023,12/08/2023,First Class,Sara Malik,Corporate,WEST,Quetta,Furniture,Furnishings,Desk Lamp,10,686.41,0.1,6864.1,1573.25
ORD-10039,05/08/2023,09/08/2023,First Class,Sara Farooq,Consumer,east,Gujranwala,Office Supplies,Art,Pen Set,1,675.38,0,675.38,236.35
ORD-10434,12/03/2024,15/03/2024,Second Class,Fatima Khan,Corporate,WEST,Quetta,Technology,Machines,Label Maker,10,160.24,0,1602.4,-143.62
ORD-10973,05/10/2024,06/10/2024,Same Day,Omar Qureshi,Home Office,Central,Multan,Technology,Copiers,Multifunction Copier,7,407.46,0.2,2852.22,-88.89
ORD-11007,30/05/2023,06/06/2023,Second Class,fatima qureshi,Home Office,east,Gujranwala,Office Supplies,Labels,Address Labels,10,112.72,0.2,1127.2,-134.95
ORD-10456,28/12/2023,31/12/2023,Second Class,Hassan Butt,Corporate,west,Quetta,Technology,Accessories,USB Cable,3,217.93,0,653.79,226.79
ORD-10260,27/06/2024,29/06/2024,Second Class,Kamran Chaudhry,Consumer,North,Rawalpindi,Technology,Machines,Laser Printer,3,96.92,0.15,290.76,41.97
ORD-10035,26/03/2024,27/03/2024,Second Class,sara butt,Consumer,East,Gujranwala,Office Supplies,Storage,Storage Bin,3,211.98,0.2,635.94,-46.8
ORD-10827,20/05/2024,23/05/2024,Same Day,Mahnoor Qureshi,Home Office,WEST,Peshawar,Furniture,Chairs,Folding Chair,7,784.93,0,5494.51,1072.52
ORD-10309,03/12/2024,06/12/2024,Second Class,Ayesha Khan,Home Office,West,Quetta,Office Supplies,Art,Marker Set,4,472.83,0.15,1891.32,363.48
ORD-10276,18/06/2024,21/06/2024,Same Day,Faisal Malik,Consumer,North,Lahore,Office Supplies,Paper,Notebook,5,551.71,0,2758.55,-247.24
ORD-10636,09/08/2023,13/08/2023,Same Day,Fatima Sheikh,Home Office,EAST,Gujranwala,Furniture,Bookcases,5-Shelf Bookcase,12,663.47,0.3,7961.64,1895.02
ORD-10654,15/09/2024,19/09/2024,Second Class,Omar Chaudhry,Corporate,west,Peshawar,Office Supplies,Art,Highlighter Pack,7,470.93,0.2,3296.51,958.28
ORD-10622,02/01/2023,03/01/2023,Same Day,Faisal Butt,Consumer, North,Rawalpindi,Office Supplies,Storage,Storage Bin,3,340.31,0.2,1020.93,-84.57
ORD-10844,17/07/2023,24/07/2023,Standard Class,Ali Chaudhry,Corporate,central,Faisalabad,Furniture,Tables,Corner Table,10,182.82,0.15,1828.2,99.87
ORD-10393,14/08/2024,20/08/2024,Same Day,Hina Iqbal,Consumer,east,Sialkot,Furniture,Bookcases,5-Shelf Bookcase,11,483.17,0,5314.87,720.12
ORD-10107,24/12/2023,25/12/2023,First Class,nida malik,Consumer,West,Peshawar,Technology,Accessories,USB Cable,6,205.96,0,1235.76,389.77
ORD-10349,05/09/2024,12/09/2024,Same Day,Omar Chaudhry,Home Office,central,Multan,Technology,Machines,Label Maker,9,333.57,0,3002.13,714.38
ORD-10524,22/08/2024,23/08/2024,Same Day,Hassan Iqbal,Home Office,Central,Multan,Technology,Copiers,Desktop Copier,1,79.55,0.2,79.55,-0.09
ORD-10784,30/03/2024,05/04/2024,Same Day,Zara Raza,Home Office,east,Gujranwala,Technology,Machines,Shredder,12,489.57,0,5874.84,-722.61
ORD-10047,20/07/2024,25/07/2024,Second Class,,Consumer,east,Gujranwala,Office Supplies,Art,Pen Set,4,112.99,0,451.96,3.51
ORD-10203,05/06/2023,09/06/2023,Second Class,Ayesha Qureshi,Consumer,Centeral,Multan,Furniture,Chairs,Mesh Task Chair,12,348.71,0.1,4184.52,30.35
ORD-10021,28/09/2023,29/09/2023,Same Day,Fatima Raza,Corporate,Nort,Lahore,Office Supplies,Storage,Storage Bin,4,620.31,0.3,2481.24,-44.68
ORD-10402,26/08/2023,28/08/2023,First Class,Hina Raza,Corporate,SOUTH,Hyderabad,Office Supplies,Paper,Notebook,8,441.32,0,3530.56,309.51
ORD-11107,13/12/2023,17/12/2023,Same Day,Adeel Ansari,Home Office,NORTH,Islamabad,Furniture,Tables,Round Conference Table,9,690.68,0.15,6216.12,-510.44
ORD-11154,07/04/2023,13/04/2023,Second Class,Ali Qureshi,Corporate,Centeral,Faisalabad,Technology,Phones,Cordless Phone,4,220.78,0,883.12,146.1
ORD-10989,16/10/2023,19/10/2023,Second Class,Ayesha Khan,Corporate, North,Rawalpindi,Furniture,Bookcases,Corner Bookcase,3,726.57,0,2179.71,-62.16
ORD-10741,21/05/2024,22/05/2024,First Class,Imran Malik,Corporate,South,Karachi,Office Supplies,Art,Marker Set,6,191.75,,1150.5,265.54
ORD-11147,06/02/2024,09/02/2024,Same Day,Hassan Ansari,Home Office,Central,Multan,Office Supplies,Storage,Storage Bin,8,451.11,0,3608.88,389.15
ORD-10033,13/08/2023,15/08/2023,Same Day,Sana Butt,Home Office,Centeral,Multan,Technology,Machines,Laser Printer,8,602.48,0.15,4819.84,712.02
ORD-10787,20/01/2023,27/01/2023,Standard Class,Nida Butt,Home Office, West,Peshawar,Furniture,Tables,Rectangular Desk,11,390.82,0,4299.02,774.69
ORD-10923,05/10/2024,12/10/2024,First Class,Zara Ansari,Corporate,Centeral,Faisalabad,Furniture,Furnishings,Floor Mat,8,110.45,0,883.6,157.04
ORD-11043,13/07/2024,16/07/2024,Same Day,Ayesha Ansari,Consumer,CENTRAL,Faisalabad,Furniture,Tables,Corner Table,1,212.86,0,212.86,0.04
ORD-11195,07/03/2023,13/03/2023,Second Class,Adeel Qureshi,Corporate, West,Peshawar,Office Supplies,Labels,Address Labels,7,457.7,0.2,3203.9,873.88
ORD-10579,25/10/2023,29/10/2023,Second Class,Omar Butt,Consumer,SOUTH,Karachi,Furniture,Tables,Rectangular Desk,4,797.42,0.2,3189.68,-200.5
ORD-10481,02/05/2024,08/05/2024,Second Class,Sana Malik,Consumer,Centeral,Faisalabad,Technology,Accessories,USB Cable,2,229.37,0.1,458.74,-15.87
ORD-10931,14/10/2024,15/10/2024,Standard Class,Sana Chaudhry,Home Office,CENTRAL,Multan,Technology,Copiers,Desktop Copier,2,489.43,0.15,978.86,75.55
ORD-10356,29/11/2023,06/12/2023,First Class,Usman Qureshi,Corporate,east,Gujranwala,Technology,Accessories,Keyboard,-9,196.47,0.3,1768.23,221.24
ORD-10759,24/07/2023,27/07/2023,Same Day,Omar Qureshi,Consumer, South ,Karachi,Office Supplies,Storage,Storage Box,11,417.73,0,4595.03,174.53
ORD-10092,08/01/2023,12/01/2023,Standard Class,Rabia Ansari,Corporate,west,Quetta,Office Supplies,Labels,Address Labels,11,726.55,0,7992.05,387.9
ORD-11175,06/10/2023,12/10/2023,Standard Class,Ahmed Ansari,Consumer,North,Lahore,Office Supplies,Paper,Copy Paper A4,7,542.35,,3796.45,-450.63
ORD-10803,11/06/2024,18/06/2024,First Class,Tariq Sheikh,Home Office,Centeral,Faisalabad,Office Supplies,Paper,Sticky Notes,12,267.59,0,3211.08,
ORD-10745,07/10/2023,10/10/2023,Same Day,Omar Sheikh,Home Office,North,Rawalpindi,Office Supplies,Art,Marker Set,7,163.1,0,1141.7,131.05
ORD-10279,29/01/2024,02/02/2024,First Class,Sana Butt,Home Office,central,Faisalabad,Office Supplies,Storage,Filing Cabinet,3,374.41,0.2,1123.23,329.35
ORD-10764,10/09/2024,11/09/2024,Same Day,Ahmed Ansari,Consumer,Central,Multan,Furniture,Chairs,Stacking Chair,8,354.69,0,2837.52,-0.11
ORD-10604,02/09/2023,04/09/2023,Second Class,Fatima Malik,Home Office,North,Islamabad,Furniture,Chairs,Folding Chair,4,863.08,0,3452.32,857.77
ORD-10598,07/07/2023,13/07/2023,Second Class,Hassan Chaudhry,Corporate,Central,Faisalabad,Technology,Phones,Smartphone X200,11,486.28,0.2,5349.08,1648.31
ORD-10400,30/01/2023,03/02/2023,Same Day,Nida Butt,Home Office,North,Islamabad,Furniture,Chairs,Stacking Chair,12,538.53,0.15,6462.36,1064.58
ORD-10257,19/07/2023,24/07/2023,Same Day,Bilal Butt,Consumer, North,Rawalpindi,Office Supplies,Art,Marker Set,4,311.69,0.15,1246.76,369.57
ORD-10944,26/03/2024,01/04/2024,Second Class,Adeel Farooq,Corporate,south,Karachi,Office Supplies,Paper,Copy Paper A4,8,376,0.15,3008,1050.35
ORD-11096,01/06/2023,04/06/2023,Same Day,Ali Farooq,Consumer,,Faisalabad,Technology,Machines,Label Maker,12,533.92,0,6407.04,764.98
ORD-11161,13/02/2023,20/02/2023,Standard Class,Nida Iqbal,Consumer,EAST,Sialkot,Office Supplies,Paper,Sticky Notes,7,869.83,0.2,6088.81,-772.19
ORD-10494,18/04/2024,20/04/2024,First Class,Sara Sheikh,Home Office,south,Hyderabad,Office Supplies,Art,Pen Set,7,243.91,0,1707.37,295.41
ORD-10772,07/03/2023,08/03/2023,Same Day,Kamran Qureshi,Corporate,CENTRAL,Multan,Furniture,Chairs,Stacking Chair,11,757.41,0,8331.51,88.14
ORD-10550,07/05/2024,12/05/2024,,Adeel Butt,Consumer,EAST,Gujranwala,Office Supplies,Art,Pen Set,3,456.76,0.1,1370.28,316.31
ORD-10201,27/11/2024,01/12/2024,Standard Class,Bilal Farooq,Consumer,North,Rawalpindi,Office Supplies,Binders,View Binder,2,209.91,0,419.82,90.42
ORD-10312,18/05/2023,21/05/2023,Standard Class,Zara Sheikh,Home Office,west,Quetta,Office Supplies,Labels,Shipping Labels,1,639.69,0.3,639.69,-93.68
ORD-10290,09/03/2023,11/03/2023,Standard Class,Sara Butt,Consumer, South ,Karachi,Furniture,Furnishings,Floor Mat,1,416.01,0,416.01,-54.52
ORD-10849,22/08/2024,26/08/2024,Second Class,Hina Ansari,Corporate,south,Hyderabad,Office Supplies,Storage,Storage Box,9,747.72,0.3,6729.48,-104.47
ORD-10763,29/07/2023,03/08/2023,Standard Class,Omar Khan,Consumer, South ,Karachi,Furniture,Tables,Coffee Table,8,563.18,0,4505.44,-417.41
ORD-11136,20/02/2024,23/02/2024,Standard Class,Bilal Khan,Home Office, West,Quetta,Technology,Phones,Cordless Phone,4,664.62,0.15,2658.48,863.42
ORD-10949,04/09/2024,08/09/2024,Same Day,Tariq Chaudhry,Consumer,,Peshawar,Furniture,Furnishings,Wall Clock,6,213.15,0.3,1278.9,368.3
ORD-10183,19/01/2024,23/01/2024,First Class,Omar Iqbal,Corporate,west,Peshawar,Furniture,Furnishings,Desk Lamp,2,108.88,0.2,217.76,-17.24
ORD-11176,01/02/2024,06/02/2024,First Class,Hina Khan,Consumer,South,Karachi,Technology,Machines,Shredder,1,851.08,0.1,851.08,96.94
ORD-11068,13/01/2024,19/01/2024,Standard Class,Hassan Chaudhry,Corporate,south,Karachi,Furniture,Chairs,Folding Chair,9,732.91,0.15,6596.19,674.49
ORD-11030,05/01/2023,08/01/2023,Same Day,Ayesha Raza,Home Office,central,Multan,Technology,Accessories,Wireless Mouse,12,753.64,0,9043.68,
ORD-10250,29/01/2023,02/02/2023,Standard Class,Fatima Chaudhry,Corporate,north,Rawalpindi,Furniture,Tables,Rectangular Desk,11,371.51,0,4086.61,1153.71
ORD-10823,25/08/2024,01/09/2024,Same Day,Ahmed Chaudhry,Corporate,west,Peshawar,Office Supplies,Art,Highlighter Pack,5,415.72,0,2078.6,-37.13
ORD-11099,11/02/2024,12/02/2024,Standard Class,Ahmed Ansari,Corporate,West,Quetta,Office Supplies,Labels,Shipping Labels,12,716.19,0.2,8594.28,2096.98
ORD-10940,03/04/2023,09/04/2023,First Class,Fatima Chaudhry,Consumer,WEST,Peshawar,Technology,Machines,Label Maker,12,439.47,0,5273.64,1333.96
ORD-10391,27/04/2023,03/05/2023,Standard Class,Fatima Raza,Home Office,east,Gujranwala,Technology,Phones,Smartphone X200,6,830.44,0.1,4982.64,1535.06
ORD-11092,08/05/2024,12/05/2024,Standard Class,Ali Raza,Corporate,West,Peshawar,Technology,Machines,Label Maker,3,354.76,0,1064.28,-124.49
ORD-11191,07/08/2024,09/08/2024,First Class,Tariq Qureshi,Home Office,EAST,Gujranwala,Office Supplies,Labels,Address Labels,9,696.45,0,6268.05,-203.02
ORD-10904,29/12/2024,04/01/2025,First Class,Hina Farooq,Corporate,east,Gujranwala,Technology,Machines,Laser Printer,4,417.42,0,1669.68,-84.33
ORD-10730,21/06/2023,22/06/2023,Second Class,Nida Khan,Corporate,CENTRAL,Faisalabad,Office Supplies,Labels,Shipping Labels,2,166.01,0,332.02,21.48
ORD-10554,24/01/2023,27/01/2023,Second Class,Zara Malik,Consumer,west,Peshawar,Furniture,Bookcases,Wall-Mount Bookcase,2,881.91,0.15,1763.82,-116.27
ORD-10366,01/06/2023,08/06/2023,Second Class,Sana Farooq,Home Office,East,Gujranwala,Technology,Phones,Office Desk Phone,1,302.03,0.2,302.03,35.94
ORD-10345,23/02/2023,02/03/2023,Standard Class,Ahmed Butt,Consumer,South,Karachi,Technology,Copiers,Multifunction Copier,5,528.3,0.1,2641.5,646.04
ORD-10535,17/02/2023,24/02/2023,Standard Class,Ali Farooq,Home Office,CENTRAL,Multan,Technology,Phones,Cordless Phone,8,866.57,0.3,6932.56,-655.37
ORD-10855,11/11/2023,12/11/2023,Same Day,Usman Butt,Consumer,south,Karachi,Office Supplies,Binders,Hanging Binder,11,502.04,0.3,5522.44,205.04
ORD-10919,02/05/2024,06/05/2024,Standard Class,Imran Farooq,Corporate, West,Quetta,Technology,Phones,Office Desk Phone,5,119.74,0.2,598.7,71.84
ORD-10211,07/06/2024,10/06/2024,Standard Class,Zara Malik,Consumer, North,Rawalpindi,Furniture,Bookcases,5-Shelf Bookcase,10,608.34,0,6083.4,-217.77
ORD-10502,21/11/2023,28/11/2023,Second Class,Faisal Raza,Home Office,West,Peshawar,Furniture,Furnishings,Wall Clock,12,383.02,0.3,4596.24,-458.71
ORD-10537,12/04/2023,14/04/2023,Second Class,Faisal Khan,Consumer,east,Sialkot,Furniture,Tables,Corner Table,4,752.16,0.1,3008.64,62.16
ORD-10380,23/10/2024,27/10/2024,Second Class,Faisal Raza,Corporate,Nort,Lahore,Furniture,Tables,Corner Table,8,27.3,0.1,218.4,31.7
ORD-10175,06/04/2023,11/04/2023,Second Class,Nida Malik,Home Office,CENTRAL,Faisalabad,Furniture,Bookcases,Wall-Mount Bookcase,12,811.52,0,9738.24,1324.21
